Count No.,Actual Angle (deg),VA (V),VB (V),State AB,FPGA Count,theta_interp_x10,Measured Angle (deg),base_theta_x10,T_period (cycles),T_phase (cycles),Quant Error (deg),Latency Error (deg),Mech Error (deg),Total Error (deg)
1,0.00,0.0,0.0,00,-800,3599,359.10,3591,500,575,359.100000,0.010800,0.000000,359.110800
2,0.45,3.3,0.0,10,-801,7,0.00,0,583,492,-0.450000,0.010800,0.036926,-0.402274
3,0.90,3.3,3.3,11,-802,17,0.90,9,500,492,0.000000,0.010800,0.053141,0.063941
4,1.35,0.0,3.3,01,-803,26,1.80,18,500,492,0.450000,0.010800,0.040067,0.500867
5,1.80,0.0,0.0,00,-804,35,2.70,27,500,492,0.900000,0.010800,0.006282,0.917082
6,2.25,3.3,0.0,10,-805,44,3.60,36,500,492,1.350000,0.010800,-0.027503,1.333297
7,2.70,3.3,3.3,11,-806,53,4.50,45,500,492,1.800000,0.010800,-0.040579,1.770221
8,3.15,0.0,3.3,01,-807,62,5.40,54,500,492,2.250000,0.010800,-0.024365,2.236435
9,3.60,0.0,0.0,00,-808,71,6.30,63,500,492,2.700000,0.010800,0.012558,2.723358
10,4.05,3.3,0.0,10,-809,80,7.20,72,500,492,3.150000,0.010800,0.049481,3.210281
11,4.50,3.3,3.3,11,-810,89,8.10,81,500,492,3.600000,0.010800,0.065692,3.676492
12,4.95,0.0,3.3,01,-811,98,9.00,90,500,492,4.050000,0.010800,0.052613,4.113413
13,5.40,0.0,0.0,00,-812,107,9.90,99,500,492,4.500000,0.010800,0.018822,4.529622
14,5.85,3.3,0.0,10,-813,116,10.80,108,500,492,4.950000,0.010800,-0.014970,4.945830
15,6.30,3.3,3.3,11,-814,125,11.70,117,500,492,5.400000,0.010800,-0.028053,5.382747
16,6.75,0.0,3.3,01,-815,134,12.60,126,500,492,5.850000,0.010800,-0.011848,5.848952
17,7.20,0.0,0.0,00,-816,143,13.50,135,500,492,6.300000,0.010800,0.025067,6.335867
18,7.65,3.3,0.0,10,-817,152,14.40,144,500,492,6.750000,0.010800,0.061980,6.822780
19,8.10,3.3,3.3,11,-818,161,15.30,153,500,492,7.200000,0.010800,0.078180,7.288980
20,8.55,0.0,3.3,01,-819,170,16.20,162,500,492,7.650000,0.010800,0.065090,7.725890
21,9.00,0.0,0.0,00,-820,179,17.10,171,500,492,8.100000,0.010800,0.031287,8.142087
22,9.45,3.3,0.0,10,-821,188,18.00,180,500,492,8.550000,0.010800,-0.002518,8.558282
23,9.90,3.3,3.3,11,-822,197,18.90,189,500,492,9.000000,0.010800,-0.015614,8.995186
24,10.35,0.0,3.3,01,-823,206,19.80,198,500,492,9.450000,0.010800,0.000577,9.461377
25,10.80,0.0,0.0,00,-824,215,20.70,207,500,492,9.900000,0.010800,0.037476,9.948276
26,11.25,3.3,0.0,10,-825,224,21.60,216,500,492,10.350000,0.010800,0.074373,10.435173
27,11.70,3.3,3.3,11,-826,233,22.50,225,500,492,10.800000,0.010800,0.090557,10.901357
28,12.15,0.0,3.3,01,-827,242,23.40,234,500,492,11.250000,0.010800,0.077450,11.338250
29,12.60,0.0,0.0,00,-828,251,24.30,243,500,492,11.700000,0.010800,0.043629,11.754429
30,13.05,3.3,0.0,10,-829,260,25.20,252,500,492,12.150000,0.010800,0.009805,12.170605
31,13.50,3.3,3.3,11,-830,269,26.10,261,500,492,12.600000,0.010800,-0.003311,12.607489
32,13.95,0.0,3.3,01,-831,278,27.00,270,500,492,13.050000,0.010800,0.012860,13.073660
33,14.40,0.0,0.0,00,-832,287,27.90,279,500,492,13.500000,0.010800,0.049738,13.560538
34,14.85,3.3,0.0,10,-833,296,28.80,288,500,492,13.950000,0.010800,0.086613,14.047413
35,15.30,3.3,3.3,11,-834,305,29.70,297,500,492,14.400000,0.010800,0.102775,14.513575
36,15.75,0.0,3.3,01,-835,314,30.60,306,500,492,14.850000,0.010800,0.089643,14.950443
37,16.20,0.0,0.0,00,-836,323,31.50,315,500,492,15.300000,0.010800,0.055798,15.366598
38,16.65,3.3,0.0,10,-837,332,32.40,324,500,492,15.750000,0.010800,0.021950,15.782750
39,17.10,3.3,3.3,11,-838,341,33.30,333,500,492,16.200000,0.010800,0.008808,16.219608
40,17.55,0.0,3.3,01,-839,350,34.20,342,500,492,16.650000,0.010800,0.024952,16.685752
41,18.00,0.0,0.0,00,-840,359,35.10,351,500,492,17.100000,0.010800,0.061803,17.172603
42,18.45,3.3,0.0,10,-841,368,36.00,360,500,492,17.550000,0.010800,0.098651,17.659451
43,18.90,3.3,3.3,11,-842,377,36.90,369,500,492,18.000000,0.010800,0.114783,18.125583
44,19.35,0.0,3.3,01,-843,386,37.80,378,500,492,18.450000,0.010800,0.101623,18.562423
45,19.80,0.0,0.0,00,-844,395,38.70,387,500,492,18.900000,0.010800,0.067748,18.978548
46,20.25,3.3,0.0,10,-845,404,39.60,396,500,492,19.350000,0.010800,0.033868,19.394668
47,20.70,3.3,3.3,11,-846,413,40.50,405,500,492,19.800000,0.010800,0.020695,19.831495
48,21.15,0.0,3.3,01,-847,422,41.40,414,500,492,20.250000,0.010800,0.036807,20.297607
49,21.60,0.0,0.0,00,-848,431,42.30,423,500,492,20.700000,0.010800,0.073625,20.784425
50,22.05,3.3,0.0,10,-849,440,43.20,432,500,492,21.150000,0.010800,0.110438,21.271238
51,22.50,3.3,3.3,11,-850,449,44.10,441,500,492,21.600000,0.010800,0.126537,21.737337
52,22.95,0.0,3.3,01,-851,458,45.00,450,500,492,22.050000,0.010800,0.113341,22.174141
53,23.40,0.0,0.0,00,-852,467,45.90,459,500,492,22.500000,0.010800,0.079430,22.590230
54,23.85,3.3,0.0,10,-853,476,46.80,468,500,492,22.950000,0.010800,0.045513,23.006313
55,24.30,3.3,3.3,11,-854,485,47.70,477,500,492,23.400000,0.010800,0.032303,23.443103
56,24.75,0.0,3.3,01,-855,494,48.60,486,500,492,23.850000,0.010800,0.048377,23.909177
57,25.20,0.0,0.0,00,-856,503,49.50,495,500,492,24.300000,0.010800,0.085156,24.395956
58,25.65,3.3,0.0,10,-857,512,50.40,504,500,492,24.750000,0.010800,0.121930,24.882730
59,26.10,3.3,3.3,11,-858,521,51.30,513,500,492,25.200000,0.010800,0.137988,25.348788
60,26.55,0.0,3.3,01,-859,530,52.20,522,500,492,25.650000,0.010800,0.124751,25.785551
61,27.00,0.0,0.0,00,-860,539,53.10,531,500,492,26.100000,0.010800,0.090798,26.201598
62,27.45,3.3,0.0,10,-861,548,54.00,540,500,492,26.550000,0.010800,0.056840,26.617640
63,27.90,3.3,3.3,11,-862,557,54.90,549,500,492,27.000000,0.010800,0.043586,27.054386
64,28.35,0.0,3.3,01,-863,566,55.80,558,500,492,27.450000,0.010800,0.059616,27.520416
65,28.80,0.0,0.0,00,-864,575,56.70,567,500,492,27.900000,0.010800,0.096351,28.007151
66,29.25,3.3,0.0,10,-865,584,57.60,576,500,492,28.350000,0.010800,0.133080,28.493880
67,29.70,3.3,3.3,11,-866,593,58.50,585,500,492,28.800000,0.010800,0.149092,28.959892
68,30.15,0.0,3.3,01,-867,602,59.40,594,500,492,29.250000,0.010800,0.135808,29.396608
69,30.60,0.0,0.0,00,-868,611,60.30,603,500,492,29.700000,0.010800,0.101808,29.812608
70,31.05,3.3,0.0,10,-869,620,61.20,612,500,492,30.150000,0.010800,0.067802,30.228602
71,31.50,3.3,3.3,11,-870,629,62.10,621,500,492,30.600000,0.010800,0.054500,30.665300
72,31.95,0.0,3.3,01,-871,638,63.00,630,500,492,31.050000,0.010800,0.070480,31.131280
73,32.40,0.0,0.0,00,-872,647,63.90,639,500,492,31.500000,0.010800,0.107165,31.617965
74,32.85,3.3,0.0,10,-873,656,64.80,648,500,492,31.950000,0.010800,0.143844,32.104644
75,33.30,3.3,3.3,11,-874,665,65.70,657,500,492,32.400000,0.010800,0.159805,32.570605
76,33.75,0.0,3.3,01,-875,674,66.60,666,500,492,32.850000,0.010800,0.146469,33.007269
77,34.20,0.0,0.0,00,-876,683,67.50,675,500,492,33.300000,0.010800,0.112417,33.423217
78,34.65,3.3,0.0,10,-877,692,68.40,684,500,492,33.750000,0.010800,0.078357,33.839157
79,35.10,3.3,3.3,11,-878,701,69.30,693,500,492,34.200000,0.010800,0.065001,34.275801
80,35.55,0.0,3.3,01,-879,710,70.20,702,500,492,34.650000,0.010800,0.080927,34.741727
81,36.00,0.0,0.0,00,-880,719,71.10,711,500,492,35.100000,0.010800,0.117557,35.228357
82,36.45,3.3,0.0,10,-881,728,72.00,720,500,492,35.550000,0.010800,0.154180,35.714980
83,36.90,3.3,3.3,11,-882,737,72.90,729,500,492,36.000000,0.010800,0.170084,36.180884
84,37.35,0.0,3.3,01,-883,746,73.80,738,500,492,36.450000,0.010800,0.156692,36.617492
85,37.80,0.0,0.0,00,-884,755,74.70,747,500,492,36.900000,0.010800,0.122581,37.033381
86,38.25,3.3,0.0,10,-885,764,75.60,756,500,492,37.350000,0.010800,0.088463,37.449263
87,38.70,3.3,3.3,11,-886,773,76.50,765,500,492,37.800000,0.010800,0.075049,37.885849
88,39.15,0.0,3.3,01,-887,782,77.40,774,500,492,38.250000,0.010800,0.090915,38.351715
89,39.60,0.0,0.0,00,-888,791,78.30,783,500,492,38.700000,0.010800,0.127485,38.838285
90,40.05,3.3,0.0,10,-889,800,79.20,792,500,492,39.150000,0.010800,0.164047,39.324847
91,40.50,3.3,3.3,11,-890,809,80.10,801,500,492,39.600000,0.010800,0.179890,39.790690
92,40.95,0.0,3.3,01,-891,818,81.00,810,500,492,40.050000,0.010800,0.166435,40.227235
93,41.40,0.0,0.0,00,-892,827,81.90,819,500,492,40.500000,0.010800,0.132262,40.643062
94,41.85,3.3,0.0,10,-893,836,82.80,828,500,492,40.950000,0.010800,0.098081,41.058881
95,42.30,3.3,3.3,11,-894,845,83.70,837,500,492,41.400000,0.010800,0.084603,41.495403
96,42.75,0.0,3.3,01,-895,854,84.60,846,500,492,41.850000,0.010800,0.100405,41.961205
97,43.20,0.0,0.0,00,-896,863,85.50,855,500,492,42.300000,0.010800,0.136909,42.447709
98,43.65,3.3,0.0,10,-897,872,86.40,864,500,492,42.750000,0.010800,0.173406,42.934206
99,44.10,3.3,3.3,11,-898,881,87.30,873,500,492,43.200000,0.010800,0.189183,43.399983
100,44.55,0.0,3.3,01,-899,890,88.20,882,500,492,43.650000,0.010800,0.175662,43.836462
101,45.00,0.0,0.0,00,-900,899,89.10,891,500,492,44.100000,0.010800,0.141421,44.252221
102,45.45,3.3,0.0,10,-901,908,90.00,900,500,492,44.550000,0.010800,0.107172,44.667972
103,45.90,3.3,3.3,11,-902,917,90.90,909,500,492,45.000000,0.010800,0.093625,45.104425
104,46.35,0.0,3.3,01,-903,926,91.80,918,500,492,45.450000,0.010800,0.109359,45.570159
105,46.80,0.0,0.0,00,-904,935,92.70,927,500,492,45.900000,0.010800,0.145794,46.056594
106,47.25,3.3,0.0,10,-905,944,93.60,936,500,492,46.350000,0.010800,0.182220,46.543020
107,47.70,3.3,3.3,11,-906,953,94.50,945,500,492,46.800000,0.010800,0.197926,47.008726
108,48.15,0.0,3.3,01,-907,962,95.40,954,500,492,47.250000,0.010800,0.184334,47.445134
109,48.60,0.0,0.0,00,-908,971,96.30,963,500,492,47.700000,0.010800,0.150022,47.860822
110,49.05,3.3,0.0,10,-909,980,97.20,972,500,492,48.150000,0.010800,0.115701,48.276501
111,49.50,3.3,3.3,11,-910,989,98.10,981,500,492,48.600000,0.010800,0.102081,48.712881
112,49.95,0.0,3.3,01,-911,998,99.00,990,500,492,49.050000,0.010800,0.117741,49.178541
113,50.40,0.0,0.0,00,-912,1007,99.90,999,500,492,49.500000,0.010800,0.154103,49.664903
114,50.85,3.3,0.0,10,-913,1016,100.80,1008,500,492,49.950000,0.010800,0.190454,50.151254
115,51.30,3.3,3.3,11,-914,1025,101.70,1017,500,492,50.400000,0.010800,0.206086,50.616886
116,51.75,0.0,3.3,01,-915,1034,102.60,1026,500,492,50.850000,0.010800,0.192419,51.053219
117,52.20,0.0,0.0,00,-916,1043,103.50,1035,500,492,51.300000,0.010800,0.158031,51.468831
118,52.65,3.3,0.0,10,-917,1052,104.40,1044,500,492,51.750000,0.010800,0.123634,51.884434
119,53.10,3.3,3.3,11,-918,1061,105.30,1053,500,492,52.200000,0.010800,0.109937,52.320737
120,53.55,0.0,3.3,01,-919,1070,106.20,1062,500,492,52.650000,0.010800,0.125520,52.786320
121,54.00,0.0,0.0,00,-920,1079,107.10,1071,500,492,53.100000,0.010800,0.161803,53.272603
122,54.45,3.3,0.0,10,-921,1088,108.00,1080,500,492,53.550000,0.010800,0.198077,53.758877
123,54.90,3.3,3.3,11,-922,1097,108.90,1089,500,492,54.000000,0.010800,0.213630,54.224430
124,55.35,0.0,3.3,01,-923,1106,109.80,1098,500,492,54.450000,0.010800,0.199883,54.660683
125,55.80,0.0,0.0,00,-924,1115,110.70,1107,500,492,54.900000,0.010800,0.165416,55.076216
126,56.25,3.3,0.0,10,-925,1124,111.60,1116,500,492,55.350000,0.010800,0.130939,55.491739
127,56.70,3.3,3.3,11,-926,1133,112.50,1125,500,492,55.800000,0.010800,0.117161,55.927961
128,57.15,0.0,3.3,01,-927,1142,113.40,1134,500,492,56.250000,0.010800,0.132663,56.393463
129,57.60,0.0,0.0,00,-928,1151,114.30,1143,500,492,56.700000,0.010800,0.168866,56.879666
130,58.05,3.3,0.0,10,-929,1160,115.20,1152,500,492,57.150000,0.010800,0.205057,57.365857
131,58.50,3.3,3.3,11,-930,1169,116.10,1161,500,492,57.600000,0.010800,0.220528,57.831328
132,58.95,0.0,3.3,01,-931,1178,117.00,1170,500,492,58.050000,0.010800,0.206699,58.267499
133,59.40,0.0,0.0,00,-932,1187,117.90,1179,500,492,58.500000,0.010800,0.172148,58.682948
134,59.85,3.3,0.0,10,-933,1196,118.80,1188,500,492,58.950000,0.010800,0.137587,59.098387
135,60.30,3.3,3.3,11,-934,1205,119.70,1197,500,492,59.400000,0.010800,0.123726,59.534526
136,60.75,0.0,3.3,01,-935,1214,120.60,1206,500,492,59.850000,0.010800,0.139144,59.999944
137,61.20,0.0,0.0,00,-936,1223,121.50,1215,500,492,60.300000,0.010800,0.175261,60.486061
138,61.65,3.3,0.0,10,-937,1232,122.40,1224,500,492,60.750000,0.010800,0.211368,60.972168
139,62.10,3.3,3.3,11,-938,1241,123.30,1233,500,492,61.200000,0.010800,0.226753,61.437553
140,62.55,0.0,3.3,01,-939,1250,124.20,1242,500,492,61.650000,0.010800,0.212838,61.873638
141,63.00,0.0,0.0,00,-940,1259,125.10,1251,500,492,62.100000,0.010800,0.178201,62.289001
142,63.45,3.3,0.0,10,-941,1268,126.00,1260,500,492,62.550000,0.010800,0.143554,62.704354
143,63.90,3.3,3.3,11,-942,1277,126.90,1269,500,492,63.000000,0.010800,0.129606,63.140406
144,64.35,0.0,3.3,01,-943,1286,127.80,1278,500,492,63.450000,0.010800,0.144936,63.605736
145,64.80,0.0,0.0,00,-944,1295,128.70,1287,500,492,63.900000,0.010800,0.180965,64.091765
146,65.25,3.3,0.0,10,-945,1304,129.60,1296,500,492,64.350000,0.010800,0.216984,64.577784
147,65.70,3.3,3.3,11,-946,1313,130.50,1305,500,492,64.800000,0.010800,0.232281,65.043081
148,66.15,0.0,3.3,01,-947,1322,131.40,1314,500,492,65.250000,0.010800,0.218277,65.479077
149,66.60,0.0,0.0,00,-948,1331,132.30,1323,500,492,65.700000,0.010800,0.183551,65.894351
150,67.05,3.3,0.0,10,-949,1340,133.20,1332,500,492,66.150000,0.010800,0.148814,66.309614
151,67.50,3.3,3.3,11,-950,1349,134.10,1341,500,492,66.600000,0.010800,0.134776,66.745576
152,67.95,0.0,3.3,01,-951,1358,135.00,1350,500,492,67.050000,0.010800,0.150016,67.210816
153,68.40,0.0,0.0,00,-952,1367,135.90,1359,500,492,67.500000,0.010800,0.185955,67.696755
154,68.85,3.3,0.0,10,-953,1376,136.80,1368,500,492,67.950000,0.010800,0.221883,68.182683
155,69.30,3.3,3.3,11,-954,1385,137.70,1377,500,492,68.400000,0.010800,0.237089,68.647889
156,69.75,0.0,3.3,01,-955,1394,138.60,1386,500,492,68.850000,0.010800,0.222994,69.083794
157,70.20,0.0,0.0,00,-956,1403,139.50,1395,500,492,69.300000,0.010800,0.188176,69.498976
158,70.65,3.3,0.0,10,-957,1412,140.40,1404,500,492,69.750000,0.010800,0.153347,69.914147
159,71.10,3.3,3.3,11,-958,1421,141.30,1413,500,492,70.200000,0.010800,0.139217,70.350017
160,71.55,0.0,3.3,01,-959,1430,142.20,1422,500,492,70.650000,0.010800,0.154365,70.815165
161,72.00,0.0,0.0,00,-960,1439,143.10,1431,500,492,71.100000,0.010800,0.190211,71.301011
162,72.45,3.3,0.0,10,-961,1448,144.00,1440,500,492,71.550000,0.010800,0.226046,71.786846
163,72.90,3.3,3.3,11,-962,1457,144.90,1449,500,492,72.000000,0.010800,0.241159,72.251959
164,73.35,0.0,3.3,01,-963,1466,145.80,1458,500,492,72.450000,0.010800,0.226970,72.687770
165,73.80,0.0,0.0,00,-964,1475,146.70,1467,500,492,72.900000,0.010800,0.192059,73.102859
166,74.25,3.3,0.0,10,-965,1484,147.60,1476,500,492,73.350000,0.010800,0.157136,73.517936
167,74.70,3.3,3.3,11,-966,1493,148.50,1485,500,492,73.800000,0.010800,0.142911,73.953711
168,75.15,0.0,3.3,01,-967,1502,149.40,1494,500,492,74.250000,0.010800,0.157965,74.418765
169,75.60,0.0,0.0,00,-968,1511,150.30,1503,500,492,74.700000,0.010800,0.193717,74.904517
170,76.05,3.3,0.0,10,-969,1520,151.20,1512,500,492,75.150000,0.010800,0.229457,75.390257
171,76.50,3.3,3.3,11,-970,1529,152.10,1521,500,492,75.600000,0.010800,0.244474,75.855274
172,76.95,0.0,3.3,01,-971,1538,153.00,1530,500,492,76.050000,0.010800,0.230190,76.290990
173,77.40,0.0,0.0,00,-972,1547,153.90,1539,500,492,76.500000,0.010800,0.195183,76.705983
174,77.85,3.3,0.0,10,-973,1556,154.80,1548,500,492,76.950000,0.010800,0.160165,77.120965
175,78.30,3.3,3.3,11,-974,1565,155.70,1557,500,492,77.400000,0.010800,0.145845,77.556645
176,78.75,0.0,3.3,01,-975,1574,156.60,1566,500,492,77.850000,0.010800,0.160802,78.021602
177,79.20,0.0,0.0,00,-976,1583,157.50,1575,500,492,78.300000,0.010800,0.196457,78.507257
178,79.65,3.3,0.0,10,-977,1592,158.40,1584,500,492,78.750000,0.010800,0.232101,78.992901
179,80.10,3.3,3.3,11,-978,1601,159.30,1593,500,492,79.200000,0.010800,0.247022,79.457822
180,80.55,0.0,3.3,01,-979,1610,160.20,1602,500,492,79.650000,0.010800,0.232641,79.893441
181,81.00,0.0,0.0,00,-980,1619,161.10,1611,500,492,80.100000,0.010800,0.197538,80.308338
182,81.45,3.3,0.0,10,-981,1628,162.00,1620,500,492,80.550000,0.010800,0.162422,80.723222
183,81.90,3.3,3.3,11,-982,1637,162.90,1629,500,492,81.000000,0.010800,0.148005,81.158805
184,82.35,0.0,3.3,01,-983,1646,163.80,1638,500,492,81.450000,0.010800,0.162865,81.623665
185,82.80,0.0,0.0,00,-984,1655,164.70,1647,500,492,81.900000,0.010800,0.198423,82.109223
186,83.25,3.3,0.0,10,-985,1664,165.60,1656,500,492,82.350000,0.010800,0.233969,82.594769
187,83.70,3.3,3.3,11,-986,1673,166.50,1665,500,492,82.800000,0.010800,0.248792,83.059592
188,84.15,0.0,3.3,01,-987,1682,167.40,1674,500,492,83.250000,0.010800,0.234314,83.495114
189,84.60,0.0,0.0,00,-988,1691,168.30,1683,500,492,83.700000,0.010800,0.199112,83.909912
190,85.05,3.3,0.0,10,-989,1700,169.20,1692,500,492,84.150000,0.010800,0.163899,84.324699
191,85.50,3.3,3.3,11,-990,1709,170.10,1701,500,492,84.600000,0.010800,0.149383,84.760183
192,85.95,0.0,3.3,01,-991,1718,171.00,1710,500,492,85.050000,0.010800,0.164145,85.224945
193,86.40,0.0,0.0,00,-992,1727,171.90,1719,500,492,85.500000,0.010800,0.199605,85.710405
194,86.85,3.3,0.0,10,-993,1736,172.80,1728,500,492,85.950000,0.010800,0.235053,86.195853
195,87.30,3.3,3.3,11,-994,1745,173.70,1737,500,492,86.400000,0.010800,0.249778,86.660578
196,87.75,0.0,3.3,01,-995,1754,174.60,1746,500,492,86.850000,0.010800,0.235201,87.096001
197,88.20,0.0,0.0,00,-996,1763,175.50,1755,500,492,87.300000,0.010800,0.199901,87.510701
198,88.65,3.3,0.0,10,-997,1772,176.40,1764,500,492,87.750000,0.010800,0.164589,87.925389
199,89.10,3.3,3.3,11,-998,1781,177.30,1773,500,492,88.200000,0.010800,0.149975,88.360775
200,89.55,0.0,3.3,01,-999,1790,178.20,1782,500,492,88.650000,0.010800,0.164638,88.825438
201,90.00,0.0,0.0,00,-1000,1799,179.10,1791,500,492,89.100000,0.010800,0.200000,89.310800
202,90.45,3.3,0.0,10,-1001,1808,180.00,1800,500,492,89.550000,0.010800,0.235349,89.796149
203,90.90,3.3,3.3,11,-1002,1817,180.90,1809,500,492,90.000000,0.010800,0.249975,90.260775
204,91.35,0.0,3.3,01,-1003,1826,181.80,1818,500,492,90.450000,0.010800,0.235300,90.696100
205,91.80,0.0,0.0,00,-1004,1835,182.70,1827,500,492,90.900000,0.010800,0.199901,91.110701
206,92.25,3.3,0.0,10,-1005,1844,183.60,1836,500,492,91.350000,0.010800,0.164490,91.525290
207,92.70,3.3,3.3,11,-1006,1853,184.50,1845,500,492,91.800000,0.010800,0.149778,91.960578
208,93.15,0.0,3.3,01,-1007,1862,185.40,1854,500,492,92.250000,0.010800,0.164342,92.425142
209,93.60,0.0,0.0,00,-1008,1871,186.30,1863,500,492,92.700000,0.010800,0.199605,92.910405
210,94.05,3.3,0.0,10,-1009,1880,187.20,1872,500,492,93.150000,0.010800,0.234856,93.395656
211,94.50,3.3,3.3,11,-1010,1889,188.10,1881,500,492,93.600000,0.010800,0.249383,93.860183
212,94.95,0.0,3.3,01,-1011,1898,189.00,1890,500,492,94.050000,0.010800,0.234609,94.295409
213,95.40,0.0,0.0,00,-1012,1907,189.90,1899,500,492,94.500000,0.010800,0.199112,94.709912
214,95.85,3.3,0.0,10,-1013,1916,190.80,1908,500,492,94.950000,0.010800,0.163603,95.124403
215,96.30,3.3,3.3,11,-1014,1925,191.70,1917,500,492,95.400000,0.010800,0.148792,95.559592
216,96.75,0.0,3.3,01,-1015,1934,192.60,1926,500,492,95.850000,0.010800,0.163258,96.024058
217,97.20,0.0,0.0,00,-1016,1943,193.50,1935,500,492,96.300000,0.010800,0.198423,96.509223
218,97.65,3.3,0.0,10,-1017,1952,194.40,1944,500,492,96.750000,0.010800,0.233575,96.994375
219,98.10,3.3,3.3,11,-1018,1961,195.30,1953,500,492,97.200000,0.010800,0.248005,97.458805
220,98.55,0.0,3.3,01,-1019,1970,196.20,1962,500,492,97.650000,0.010800,0.233133,97.893933
221,99.00,0.0,0.0,00,-1020,1979,197.10,1971,500,492,98.100000,0.010800,0.197538,98.308338
222,99.45,3.3,0.0,10,-1021,1988,198.00,1980,500,492,98.550000,0.010800,0.161931,98.722731
223,99.90,3.3,3.3,11,-1022,1997,198.90,1989,500,492,99.000000,0.010800,0.147022,99.157822
224,100.35,0.0,3.3,01,-1023,2006,199.80,1998,500,492,99.450000,0.010800,0.161390,99.622190
225,100.80,0.0,0.0,00,-1024,2015,200.70,2007,500,492,99.900000,0.010800,0.196457,100.107257
226,101.25,3.3,0.0,10,-1025,2024,201.60,2016,500,492,100.350000,0.010800,0.231512,100.592312
227,101.70,3.3,3.3,11,-1026,2033,202.50,2025,500,492,100.800000,0.010800,0.245845,101.056645
228,102.15,0.0,3.3,01,-1027,2042,203.40,2034,500,492,101.250000,0.010800,0.230875,101.491675
229,102.60,0.0,0.0,00,-1028,2051,204.30,2043,500,492,101.700000,0.010800,0.195183,101.905983
230,103.05,3.3,0.0,10,-1029,2060,205.20,2052,500,492,102.150000,0.010800,0.159479,102.320279
231,103.50,3.3,3.3,11,-1030,2069,206.10,2061,500,492,102.600000,0.010800,0.144474,102.755274
232,103.95,0.0,3.3,01,-1031,2078,207.00,2070,500,492,103.050000,0.010800,0.158746,103.219546
233,104.40,0.0,0.0,00,-1032,2087,207.90,2079,500,492,103.500000,0.010800,0.193717,103.704517
234,104.85,3.3,0.0,10,-1033,2096,208.80,2088,500,492,103.950000,0.010800,0.228675,104.189475
235,105.30,3.3,3.3,11,-1034,2105,209.70,2097,500,492,104.400000,0.010800,0.242911,104.653711
236,105.75,0.0,3.3,01,-1035,2114,210.60,2106,500,492,104.850000,0.010800,0.227846,105.088646
237,106.20,0.0,0.0,00,-1036,2123,211.50,2115,500,492,105.300000,0.010800,0.192059,105.502859
238,106.65,3.3,0.0,10,-1037,2132,212.40,2124,500,492,105.750000,0.010800,0.156259,105.917059
239,107.10,3.3,3.3,11,-1038,2141,213.30,2133,500,492,106.200000,0.010800,0.141159,106.351959
240,107.55,0.0,3.3,01,-1039,2150,214.20,2142,500,492,106.650000,0.010800,0.155335,106.816135
241,108.00,0.0,0.0,00,-1040,2159,215.10,2151,500,492,107.100000,0.010800,0.190211,107.301011
242,108.45,3.3,0.0,10,-1041,2168,216.00,2160,500,492,107.550000,0.010800,0.225075,107.785875
243,108.90,3.3,3.3,11,-1042,2177,216.90,2169,500,492,108.000000,0.010800,0.239217,108.250017
244,109.35,0.0,3.3,01,-1043,2186,217.80,2178,500,492,108.450000,0.010800,0.224058,108.684858
245,109.80,0.0,0.0,00,-1044,2195,218.70,2187,500,492,108.900000,0.010800,0.188176,109.098976
246,110.25,3.3,0.0,10,-1045,2204,219.60,2196,500,492,109.350000,0.010800,0.152283,109.513083
247,110.70,3.3,3.3,11,-1046,2213,220.50,2205,500,492,109.800000,0.010800,0.137089,109.947889
248,111.15,0.0,3.3,01,-1047,2222,221.40,2214,500,492,110.250000,0.010800,0.151172,110.411972
249,111.60,0.0,0.0,00,-1048,2231,222.30,2223,500,492,110.700000,0.010800,0.185955,110.896755
250,112.05,3.3,0.0,10,-1049,2240,223.20,2232,500,492,111.150000,0.010800,0.220727,111.381527
251,112.50,3.3,3.3,11,-1050,2249,224.10,2241,500,492,111.600000,0.010800,0.234776,111.845576
252,112.95,0.0,3.3,01,-1051,2258,225.00,2250,500,492,112.050000,0.010800,0.219524,112.280324
253,113.40,0.0,0.0,00,-1052,2267,225.90,2259,500,492,112.500000,0.010800,0.183551,112.694351
254,113.85,3.3,0.0,10,-1053,2276,226.80,2268,500,492,112.950000,0.010800,0.147566,113.108366
255,114.30,3.3,3.3,11,-1054,2285,227.70,2277,500,492,113.400000,0.010800,0.132281,113.543081
256,114.75,0.0,3.3,01,-1055,2294,228.60,2286,500,492,113.850000,0.010800,0.146273,114.007073
257,115.20,0.0,0.0,00,-1056,2303,229.50,2295,500,492,114.300000,0.010800,0.180965,114.491765
258,115.65,3.3,0.0,10,-1057,2312,230.40,2304,500,492,114.750000,0.010800,0.215646,114.976446
259,116.10,3.3,3.3,11,-1058,2321,231.30,2313,500,492,115.200000,0.010800,0.229606,115.440406
260,116.55,0.0,3.3,01,-1059,2330,232.20,2322,500,492,115.650000,0.010800,0.214264,115.875064
261,117.00,0.0,0.0,00,-1060,2339,233.10,2331,500,492,116.100000,0.010800,0.178201,116.289001
262,117.45,3.3,0.0,10,-1061,2348,234.00,2340,500,492,116.550000,0.010800,0.142127,116.702927
263,117.90,3.3,3.3,11,-1062,2357,234.90,2349,500,492,117.000000,0.010800,0.126753,117.137553
264,118.35,0.0,3.3,01,-1063,2366,235.80,2358,500,492,117.450000,0.010800,0.140657,117.601457
265,118.80,0.0,0.0,00,-1064,2375,236.70,2367,500,492,117.900000,0.010800,0.175261,118.086061
266,119.25,3.3,0.0,10,-1065,2384,237.60,2376,500,492,118.350000,0.010800,0.209855,118.570655
267,119.70,3.3,3.3,11,-1066,2393,238.50,2385,500,492,118.800000,0.010800,0.223726,119.034526
268,120.15,0.0,3.3,01,-1067,2402,239.40,2394,500,492,119.250000,0.010800,0.208298,119.469098
269,120.60,0.0,0.0,00,-1068,2411,240.30,2403,500,492,119.700000,0.010800,0.172148,119.882948
270,121.05,3.3,0.0,10,-1069,2420,241.20,2412,500,492,120.150000,0.010800,0.135988,120.296788
271,121.50,3.3,3.3,11,-1070,2429,242.10,2421,500,492,120.600000,0.010800,0.120528,120.731328
272,121.95,0.0,3.3,01,-1071,2438,243.00,2430,500,492,121.050000,0.010800,0.134347,121.195147
273,122.40,0.0,0.0,00,-1072,2447,243.90,2439,500,492,121.500000,0.010800,0.168866,121.679666
274,122.85,3.3,0.0,10,-1073,2456,244.80,2448,500,492,121.950000,0.010800,0.203374,122.164174
275,123.30,3.3,3.3,11,-1074,2465,245.70,2457,500,492,122.400000,0.010800,0.217161,122.627961
276,123.75,0.0,3.3,01,-1075,2474,246.60,2466,500,492,122.850000,0.010800,0.201649,123.062449
277,124.20,0.0,0.0,00,-1076,2483,247.50,2475,500,492,123.300000,0.010800,0.165416,123.476216
278,124.65,3.3,0.0,10,-1077,2492,248.40,2484,500,492,123.750000,0.010800,0.129173,123.889973
279,125.10,3.3,3.3,11,-1078,2501,249.30,2493,500,492,124.200000,0.010800,0.113630,124.324430
280,125.55,0.0,3.3,01,-1079,2510,250.20,2502,500,492,124.650000,0.010800,0.127366,124.788166
281,126.00,0.0,0.0,00,-1080,2519,251.10,2511,500,492,125.100000,0.010800,0.161803,125.272603
282,126.45,3.3,0.0,10,-1081,2528,252.00,2520,500,492,125.550000,0.010800,0.196230,125.757030
283,126.90,3.3,3.3,11,-1082,2537,252.90,2529,500,492,126.000000,0.010800,0.209937,126.220737
284,127.35,0.0,3.3,01,-1083,2546,253.80,2538,500,492,126.450000,0.010800,0.194344,126.655144
285,127.80,0.0,0.0,00,-1084,2555,254.70,2547,500,492,126.900000,0.010800,0.158031,127.068831
286,128.25,3.3,0.0,10,-1085,2564,255.60,2556,500,492,127.350000,0.010800,0.121708,127.482508
287,128.70,3.3,3.3,11,-1086,2573,256.50,2565,500,492,127.800000,0.010800,0.106086,127.916886
288,129.15,0.0,3.3,01,-1087,2582,257.40,2574,500,492,128.250000,0.010800,0.119744,128.380544
289,129.60,0.0,0.0,00,-1088,2591,258.30,2583,500,492,128.700000,0.010800,0.154103,128.864903
290,130.05,3.3,0.0,10,-1089,2600,259.20,2592,500,492,129.150000,0.010800,0.188452,129.349252
291,130.50,3.3,3.3,11,-1090,2609,260.10,2601,500,492,129.600000,0.010800,0.202081,129.812881
292,130.95,0.0,3.3,01,-1091,2618,261.00,2610,500,492,130.050000,0.010800,0.186412,130.247212
293,131.40,0.0,0.0,00,-1092,2627,261.90,2619,500,492,130.500000,0.010800,0.150022,130.660822
294,131.85,3.3,0.0,10,-1093,2636,262.80,2628,500,492,130.950000,0.010800,0.113623,131.074423
295,132.30,3.3,3.3,11,-1094,2645,263.70,2637,500,492,131.400000,0.010800,0.097926,131.508726
296,132.75,0.0,3.3,01,-1095,2654,264.60,2646,500,492,131.850000,0.010800,0.111509,131.972309
297,133.20,0.0,0.0,00,-1096,2663,265.50,2655,500,492,132.300000,0.010800,0.145794,132.456594
298,133.65,3.3,0.0,10,-1097,2672,266.40,2664,500,492,132.750000,0.010800,0.180069,132.940869
299,134.10,3.3,3.3,11,-1098,2681,267.30,2673,500,492,133.200000,0.010800,0.193625,133.404425
300,134.55,0.0,3.3,01,-1099,2690,268.20,2682,500,492,133.650000,0.010800,0.177883,133.838683
301,135.00,0.0,0.0,00,-1100,2699,269.10,2691,500,492,134.100000,0.010800,0.141421,134.252221
302,135.45,3.3,0.0,10,-1101,2708,270.00,2700,500,492,134.550000,0.010800,0.104951,134.665751
303,135.90,3.3,3.3,11,-1102,2717,270.90,2709,500,492,135.000000,0.010800,0.089183,135.099983
304,136.35,0.0,3.3,01,-1103,2726,271.80,2718,500,492,135.450000,0.010800,0.102695,135.563495
305,136.80,0.0,0.0,00,-1104,2735,272.70,2727,500,492,135.900000,0.010800,0.136909,136.047709
306,137.25,3.3,0.0,10,-1105,2744,273.60,2736,500,492,136.350000,0.010800,0.171115,136.531915
307,137.70,3.3,3.3,11,-1106,2753,274.50,2745,500,492,136.800000,0.010800,0.184603,136.995403
308,138.15,0.0,3.3,01,-1107,2762,275.40,2754,500,492,137.250000,0.010800,0.168792,137.429592
309,138.60,0.0,0.0,00,-1108,2771,276.30,2763,500,492,137.700000,0.010800,0.132262,137.843062
310,139.05,3.3,0.0,10,-1109,2780,277.20,2772,500,492,138.150000,0.010800,0.095725,138.256525
311,139.50,3.3,3.3,11,-1110,2789,278.10,2781,500,492,138.600000,0.010800,0.079890,138.690690
312,139.95,0.0,3.3,01,-1111,2798,279.00,2790,500,492,139.050000,0.010800,0.093336,139.154136
313,140.40,0.0,0.0,00,-1112,2807,279.90,2799,500,492,139.500000,0.010800,0.127485,139.638285
314,140.85,3.3,0.0,10,-1113,2816,280.80,2808,500,492,139.950000,0.010800,0.161626,140.122426
315,141.30,3.3,3.3,11,-1114,2825,281.70,2817,500,492,140.400000,0.010800,0.175049,140.585849
316,141.75,0.0,3.3,01,-1115,2834,282.60,2826,500,492,140.850000,0.010800,0.159174,141.019974
317,142.20,0.0,0.0,00,-1116,2843,283.50,2835,500,492,141.300000,0.010800,0.122581,141.433381
318,142.65,3.3,0.0,10,-1117,2852,284.40,2844,500,492,141.750000,0.010800,0.085981,141.846781
319,143.10,3.3,3.3,11,-1118,2861,285.30,2853,500,492,142.200000,0.010800,0.070084,142.280884
320,143.55,0.0,3.3,01,-1119,2870,286.20,2862,500,492,142.650000,0.010800,0.083469,142.744269
321,144.00,0.0,0.0,00,-1120,2879,287.10,2871,500,492,143.100000,0.010800,0.117557,143.228357
322,144.45,3.3,0.0,10,-1121,2888,288.00,2880,500,492,143.550000,0.010800,0.151638,143.712438
323,144.90,3.3,3.3,11,-1122,2897,288.90,2889,500,492,144.000000,0.010800,0.165001,144.175801
324,145.35,0.0,3.3,01,-1123,2906,289.80,2898,500,492,144.450000,0.010800,0.149068,144.609868
325,145.80,0.0,0.0,00,-1124,2915,290.70,2907,500,492,144.900000,0.010800,0.112417,145.023217
326,146.25,3.3,0.0,10,-1125,2924,291.60,2916,500,492,145.350000,0.010800,0.075759,145.436559
327,146.70,3.3,3.3,11,-1126,2933,292.50,2925,500,492,145.800000,0.010800,0.059805,145.870605
328,147.15,0.0,3.3,01,-1127,2942,293.40,2934,500,492,146.250000,0.010800,0.073133,146.333933
329,147.60,0.0,0.0,00,-1128,2951,294.30,2943,500,492,146.700000,0.010800,0.107165,146.817965
330,148.05,3.3,0.0,10,-1129,2960,295.20,2952,500,492,147.150000,0.010800,0.141191,147.301991
331,148.50,3.3,3.3,11,-1130,2969,296.10,2961,500,492,147.600000,0.010800,0.154500,147.765300
332,148.95,0.0,3.3,01,-1131,2978,297.00,2970,500,492,148.050000,0.010800,0.138513,148.199313
333,149.40,0.0,0.0,00,-1132,2987,297.90,2979,500,492,148.500000,0.010800,0.101808,148.612608
334,149.85,3.3,0.0,10,-1133,2996,298.80,2988,500,492,148.950000,0.010800,0.065098,149.025898
335,150.30,3.3,3.3,11,-1134,3005,299.70,2997,500,492,149.400000,0.010800,0.049092,149.459892
336,150.75,0.0,3.3,01,-1135,3014,300.60,3006,500,492,149.850000,0.010800,0.062369,149.923169
337,151.20,0.0,0.0,00,-1136,3023,301.50,3015,500,492,150.300000,0.010800,0.096351,150.407151
338,151.65,3.3,0.0,10,-1137,3032,302.40,3024,500,492,150.750000,0.010800,0.130327,150.891127
339,152.10,3.3,3.3,11,-1138,3041,303.30,3033,500,492,151.200000,0.010800,0.143586,151.354386
340,152.55,0.0,3.3,01,-1139,3050,304.20,3042,500,492,151.650000,0.010800,0.127550,151.788350
341,153.00,0.0,0.0,00,-1140,3059,305.10,3051,500,492,152.100000,0.010800,0.090798,152.201598
342,153.45,3.3,0.0,10,-1141,3068,306.00,3060,500,492,152.550000,0.010800,0.054040,152.614840
343,153.90,3.3,3.3,11,-1142,3077,306.90,3069,500,492,153.000000,0.010800,0.037988,153.048788
344,154.35,0.0,3.3,01,-1143,3086,307.80,3078,500,492,153.450000,0.010800,0.051219,153.512019
345,154.80,0.0,0.0,00,-1144,3095,308.70,3087,500,492,153.900000,0.010800,0.085156,153.995956
346,155.25,3.3,0.0,10,-1145,3104,309.60,3096,500,492,154.350000,0.010800,0.119087,154.479887
347,155.70,3.3,3.3,11,-1146,3113,310.50,3105,500,492,154.800000,0.010800,0.132303,154.943103
348,156.15,0.0,3.3,01,-1147,3122,311.40,3114,500,492,155.250000,0.010800,0.116224,155.377024
349,156.60,0.0,0.0,00,-1148,3131,312.30,3123,500,492,155.700000,0.010800,0.079430,155.790230
350,157.05,3.3,0.0,10,-1149,3140,313.20,3132,500,492,156.150000,0.010800,0.042630,156.203430
351,157.50,3.3,3.3,11,-1150,3149,314.10,3141,500,492,156.600000,0.010800,0.026537,156.637337
352,157.95,0.0,3.3,01,-1151,3158,315.00,3150,500,492,157.050000,0.010800,0.039728,157.100528
353,158.40,0.0,0.0,00,-1152,3167,315.90,3159,500,492,157.500000,0.010800,0.073625,157.584425
354,158.85,3.3,0.0,10,-1153,3176,316.80,3168,500,492,157.950000,0.010800,0.107518,158.068318
355,159.30,3.3,3.3,11,-1154,3185,317.70,3177,500,492,158.400000,0.010800,0.120695,158.531495
356,159.75,0.0,3.3,01,-1155,3194,318.60,3186,500,492,158.850000,0.010800,0.104579,158.965379
357,160.20,0.0,0.0,00,-1156,3203,319.50,3195,500,492,159.300000,0.010800,0.067748,159.378548
358,160.65,3.3,0.0,10,-1157,3212,320.40,3204,500,492,159.750000,0.010800,0.030912,159.791712
359,161.10,3.3,3.3,11,-1158,3221,321.30,3213,500,492,160.200000,0.010800,0.014783,160.225583
360,161.55,0.0,3.3,01,-1159,3230,322.20,3222,500,492,160.650000,0.010800,0.027940,160.688740
361,162.00,0.0,0.0,00,-1160,3239,323.10,3231,500,492,161.100000,0.010800,0.061803,161.172603
362,162.45,3.3,0.0,10,-1161,3248,324.00,3240,500,492,161.550000,0.010800,0.095663,161.656463
363,162.90,3.3,3.3,11,-1162,3257,324.90,3249,500,492,162.000000,0.010800,0.108808,162.119608
364,163.35,0.0,3.3,01,-1163,3266,325.80,3258,500,492,162.450000,0.010800,0.092660,162.553460
365,163.80,0.0,0.0,00,-1164,3275,326.70,3267,500,492,162.900000,0.010800,0.055798,162.966598
366,164.25,3.3,0.0,10,-1165,3284,327.60,3276,500,492,163.350000,0.010800,0.018933,163.379733
367,164.70,3.3,3.3,11,-1166,3293,328.50,3285,500,492,163.800000,0.010800,0.002775,163.813575
368,165.15,0.0,3.3,01,-1167,3302,329.40,3294,500,492,164.250000,0.010800,0.015903,164.276703
369,165.60,0.0,0.0,00,-1168,3311,330.30,3303,500,492,164.700000,0.010800,0.049738,164.760538
370,166.05,3.3,0.0,10,-1169,3320,331.20,3312,500,492,165.150000,0.010800,0.083570,165.244370
371,166.50,3.3,3.3,11,-1170,3329,332.10,3321,500,492,165.600000,0.010800,0.096689,165.707489
372,166.95,0.0,3.3,01,-1171,3338,333.00,3330,500,492,166.050000,0.010800,0.080516,166.141316
373,167.40,0.0,0.0,00,-1172,3347,333.90,3339,500,492,166.500000,0.010800,0.043629,166.554429
374,167.85,3.3,0.0,10,-1173,3356,334.80,3348,500,492,166.950000,0.010800,0.006739,166.967539
375,168.30,3.3,3.3,11,-1174,3365,335.70,3357,500,492,167.400000,0.010800,-0.009443,167.401357
376,168.75,0.0,3.3,01,-1175,3374,336.60,3366,500,492,167.850000,0.010800,0.003663,167.864463
377,169.20,0.0,0.0,00,-1176,3383,337.50,3375,500,492,168.300000,0.010800,0.037476,168.348276
378,169.65,3.3,0.0,10,-1177,3392,338.40,3384,500,492,168.750000,0.010800,0.071287,168.832087
379,170.10,3.3,3.3,11,-1178,3401,339.30,3393,500,492,169.200000,0.010800,0.084386,169.295186
380,170.55,0.0,3.3,01,-1179,3410,340.20,3402,500,492,169.650000,0.010800,0.068193,169.728993
381,171.00,0.0,0.0,00,-1180,3419,341.10,3411,500,492,170.100000,0.010800,0.031287,170.142087
382,171.45,3.3,0.0,10,-1181,3428,342.00,3420,500,492,170.550000,0.010800,-0.005621,170.555179
383,171.90,3.3,3.3,11,-1182,3437,342.90,3429,500,492,171.000000,0.010800,-0.021820,170.988980
384,172.35,0.0,3.3,01,-1183,3446,343.80,3438,500,492,171.450000,0.010800,-0.008731,171.452069
385,172.80,0.0,0.0,00,-1184,3455,344.70,3447,500,492,171.900000,0.010800,0.025067,171.935867
386,173.25,3.3,0.0,10,-1185,3464,345.60,3456,500,492,172.350000,0.010800,0.058863,172.419663
387,173.70,3.3,3.3,11,-1186,3473,346.50,3465,500,492,172.800000,0.010800,0.071947,172.882747
388,174.15,0.0,3.3,01,-1187,3482,347.40,3474,500,492,173.250000,0.010800,0.055740,173.316540
389,174.60,0.0,0.0,00,-1188,3491,348.30,3483,500,492,173.700000,0.010800,0.018822,173.729622
390,175.05,3.3,0.0,10,-1189,3500,349.20,3492,500,492,174.150000,0.010800,-0.018098,174.142702
391,175.50,3.3,3.3,11,-1190,3509,350.10,3501,500,492,174.600000,0.010800,-0.034308,174.576492
392,175.95,0.0,3.3,01,-1191,3518,351.00,3510,500,492,175.050000,0.010800,-0.021230,175.039570
393,176.40,0.0,0.0,00,-1192,3527,351.90,3519,500,492,175.500000,0.010800,0.012558,175.523358
394,176.85,3.3,0.0,10,-1193,3536,352.80,3528,500,492,175.950000,0.010800,0.046345,176.007145
395,177.30,3.3,3.3,11,-1194,3545,353.70,3537,500,492,176.400000,0.010800,0.059421,176.470221
396,177.75,0.0,3.3,01,-1195,3554,354.60,3546,500,492,176.850000,0.010800,0.043207,176.904007
397,178.20,0.0,0.0,00,-1196,3563,355.50,3555,500,492,177.300000,0.010800,0.006282,177.317082
398,178.65,3.3,0.0,10,-1197,3572,356.40,3564,500,492,177.750000,0.010800,-0.030643,177.730157
399,179.10,3.3,3.3,11,-1198,3581,357.30,3573,500,492,178.200000,0.010800,-0.046859,178.163941
400,179.55,0.0,3.3,01,-1199,3590,358.20,3582,500,492,178.650000,0.010800,-0.033785,178.627015
401,180.00,0.0,0.0,00,-1200,3599,359.10,3591,500,492,179.100000,0.010800,-0.000000,179.110800
402,180.45,3.3,0.0,10,-1201,8,0.00,0,500,492,-180.450000,0.010800,0.033785,-180.405415
403,180.90,3.3,3.3,11,-1202,17,0.90,9,500,492,-180.000000,0.010800,0.046859,-179.942341
404,181.35,0.0,3.3,01,-1203,26,1.80,18,500,492,-179.550000,0.010800,0.030643,-179.508557
405,181.80,0.0,0.0,00,-1204,35,2.70,27,500,492,-179.100000,0.010800,-0.006282,-179.095482
406,182.25,3.3,0.0,10,-1205,44,3.60,36,500,492,-178.650000,0.010800,-0.043207,-178.682407
407,182.70,3.3,3.3,11,-1206,53,4.50,45,500,492,-178.200000,0.010800,-0.059421,-178.248621
408,183.15,0.0,3.3,01,-1207,62,5.40,54,500,492,-177.750000,0.010800,-0.046345,-177.785545
409,183.60,0.0,0.0,00,-1208,71,6.30,63,500,492,-177.300000,0.010800,-0.012558,-177.301758
410,184.05,3.3,0.0,10,-1209,80,7.20,72,500,492,-176.850000,0.010800,0.021230,-176.817970
411,184.50,3.3,3.3,11,-1210,89,8.10,81,500,492,-176.400000,0.010800,0.034308,-176.354892
412,184.95,0.0,3.3,01,-1211,98,9.00,90,500,492,-175.950000,0.010800,0.018098,-175.921102
413,185.40,0.0,0.0,00,-1212,107,9.90,99,500,492,-175.500000,0.010800,-0.018822,-175.508022
414,185.85,3.3,0.0,10,-1213,116,10.80,108,500,492,-175.050000,0.010800,-0.055740,-175.094940
415,186.30,3.3,3.3,11,-1214,125,11.70,117,500,492,-174.600000,0.010800,-0.071947,-174.661147
416,186.75,0.0,3.3,01,-1215,134,12.60,126,500,492,-174.150000,0.010800,-0.058863,-174.198063
417,187.20,0.0,0.0,00,-1216,143,13.50,135,500,492,-173.700000,0.010800,-0.025067,-173.714267
418,187.65,3.3,0.0,10,-1217,152,14.40,144,500,492,-173.250000,0.010800,0.008731,-173.230469
419,188.10,3.3,3.3,11,-1218,161,15.30,153,500,492,-172.800000,0.010800,0.021820,-172.767380
420,188.55,0.0,3.3,01,-1219,170,16.20,162,500,492,-172.350000,0.010800,0.005621,-172.333579
421,189.00,0.0,0.0,00,-1220,179,17.10,171,500,492,-171.900000,0.010800,-0.031287,-171.920487
422,189.45,3.3,0.0,10,-1221,188,18.00,180,500,492,-171.450000,0.010800,-0.068193,-171.507393
423,189.90,3.3,3.3,11,-1222,197,18.90,189,500,492,-171.000000,0.010800,-0.084386,-171.073586
424,190.35,0.0,3.3,01,-1223,206,19.80,198,500,492,-170.550000,0.010800,-0.071287,-170.610487
425,190.80,0.0,0.0,00,-1224,215,20.70,207,500,492,-170.100000,0.010800,-0.037476,-170.126676
426,191.25,3.3,0.0,10,-1225,224,21.60,216,500,492,-169.650000,0.010800,-0.003663,-169.642863
427,191.70,3.3,3.3,11,-1226,233,22.50,225,500,492,-169.200000,0.010800,0.009443,-169.179757
428,192.15,0.0,3.3,01,-1227,242,23.40,234,500,492,-168.750000,0.010800,-0.006739,-168.745939
429,192.60,0.0,0.0,00,-1228,251,24.30,243,500,492,-168.300000,0.010800,-0.043629,-168.332829
430,193.05,3.3,0.0,10,-1229,260,25.20,252,500,492,-167.850000,0.010800,-0.080516,-167.919716
431,193.50,3.3,3.3,11,-1230,269,26.10,261,500,492,-167.400000,0.010800,-0.096689,-167.485889
432,193.95,0.0,3.3,01,-1231,278,27.00,270,500,492,-166.950000,0.010800,-0.083570,-167.022770
433,194.40,0.0,0.0,00,-1232,287,27.90,279,500,492,-166.500000,0.010800,-0.049738,-166.538938
434,194.85,3.3,0.0,10,-1233,296,28.80,288,500,492,-166.050000,0.010800,-0.015903,-166.055103
435,195.30,3.3,3.3,11,-1234,305,29.70,297,500,492,-165.600000,0.010800,-0.002775,-165.591975
436,195.75,0.0,3.3,01,-1235,314,30.60,306,500,492,-165.150000,0.010800,-0.018933,-165.158133
437,196.20,0.0,0.0,00,-1236,323,31.50,315,500,492,-164.700000,0.010800,-0.055798,-164.744998
438,196.65,3.3,0.0,10,-1237,332,32.40,324,500,492,-164.250000,0.010800,-0.092660,-164.331860
439,197.10,3.3,3.3,11,-1238,341,33.30,333,500,492,-163.800000,0.010800,-0.108808,-163.898008
440,197.55,0.0,3.3,01,-1239,350,34.20,342,500,492,-163.350000,0.010800,-0.095663,-163.434863
441,198.00,0.0,0.0,00,-1240,359,35.10,351,500,492,-162.900000,0.010800,-0.061803,-162.951003
442,198.45,3.3,0.0,10,-1241,368,36.00,360,500,492,-162.450000,0.010800,-0.027940,-162.467140
443,198.90,3.3,3.3,11,-1242,377,36.90,369,500,492,-162.000000,0.010800,-0.014783,-162.003983
444,199.35,0.0,3.3,01,-1243,386,37.80,378,500,492,-161.550000,0.010800,-0.030912,-161.570112
445,199.80,0.0,0.0,00,-1244,395,38.70,387,500,492,-161.100000,0.010800,-0.067748,-161.156948
446,200.25,3.3,0.0,10,-1245,404,39.60,396,500,492,-160.650000,0.010800,-0.104579,-160.743779
447,200.70,3.3,3.3,11,-1246,413,40.50,405,500,492,-160.200000,0.010800,-0.120695,-160.309895
448,201.15,0.0,3.3,01,-1247,422,41.40,414,500,492,-159.750000,0.010800,-0.107518,-159.846718
449,201.60,0.0,0.0,00,-1248,431,42.30,423,500,492,-159.300000,0.010800,-0.073625,-159.362825
450,202.05,3.3,0.0,10,-1249,440,43.20,432,500,492,-158.850000,0.010800,-0.039728,-158.878928
451,202.50,3.3,3.3,11,-1250,449,44.10,441,500,492,-158.400000,0.010800,-0.026537,-158.415737
452,202.95,0.0,3.3,01,-1251,458,45.00,450,500,492,-157.950000,0.010800,-0.042630,-157.981830
453,203.40,0.0,0.0,00,-1252,467,45.90,459,500,492,-157.500000,0.010800,-0.079430,-157.568630
454,203.85,3.3,0.0,10,-1253,476,46.80,468,500,492,-157.050000,0.010800,-0.116224,-157.155424
455,204.30,3.3,3.3,11,-1254,485,47.70,477,500,492,-156.600000,0.010800,-0.132303,-156.721503
456,204.75,0.0,3.3,01,-1255,494,48.60,486,500,492,-156.150000,0.010800,-0.119087,-156.258287
457,205.20,0.0,0.0,00,-1256,503,49.50,495,500,492,-155.700000,0.010800,-0.085156,-155.774356
458,205.65,3.3,0.0,10,-1257,512,50.40,504,500,492,-155.250000,0.010800,-0.051219,-155.290419
459,206.10,3.3,3.3,11,-1258,521,51.30,513,500,492,-154.800000,0.010800,-0.037988,-154.827188
460,206.55,0.0,3.3,01,-1259,530,52.20,522,500,492,-154.350000,0.010800,-0.054040,-154.393240
461,207.00,0.0,0.0,00,-1260,539,53.10,531,500,492,-153.900000,0.010800,-0.090798,-153.979998
462,207.45,3.3,0.0,10,-1261,548,54.00,540,500,492,-153.450000,0.010800,-0.127550,-153.566750
463,207.90,3.3,3.3,11,-1262,557,54.90,549,500,492,-153.000000,0.010800,-0.143586,-153.132786
464,208.35,0.0,3.3,01,-1263,566,55.80,558,500,492,-152.550000,0.010800,-0.130327,-152.669527
465,208.80,0.0,0.0,00,-1264,575,56.70,567,500,492,-152.100000,0.010800,-0.096351,-152.185551
466,209.25,3.3,0.0,10,-1265,584,57.60,576,500,492,-151.650000,0.010800,-0.062369,-151.701569
467,209.70,3.3,3.3,11,-1266,593,58.50,585,500,492,-151.200000,0.010800,-0.049092,-151.238292
468,210.15,0.0,3.3,01,-1267,602,59.40,594,500,492,-150.750000,0.010800,-0.065098,-150.804298
469,210.60,0.0,0.0,00,-1268,611,60.30,603,500,492,-150.300000,0.010800,-0.101808,-150.391008
470,211.05,3.3,0.0,10,-1269,620,61.20,612,500,492,-149.850000,0.010800,-0.138513,-149.977713
471,211.50,3.3,3.3,11,-1270,629,62.10,621,500,492,-149.400000,0.010800,-0.154500,-149.543700
472,211.95,0.0,3.3,01,-1271,638,63.00,630,500,492,-148.950000,0.010800,-0.141191,-149.080391
473,212.40,0.0,0.0,00,-1272,647,63.90,639,500,492,-148.500000,0.010800,-0.107165,-148.596365
474,212.85,3.3,0.0,10,-1273,656,64.80,648,500,492,-148.050000,0.010800,-0.073133,-148.112333
475,213.30,3.3,3.3,11,-1274,665,65.70,657,500,492,-147.600000,0.010800,-0.059805,-147.649005
476,213.75,0.0,3.3,01,-1275,674,66.60,666,500,492,-147.150000,0.010800,-0.075759,-147.214959
477,214.20,0.0,0.0,00,-1276,683,67.50,675,500,492,-146.700000,0.010800,-0.112417,-146.801617
478,214.65,3.3,0.0,10,-1277,692,68.40,684,500,492,-146.250000,0.010800,-0.149068,-146.388268
479,215.10,3.3,3.3,11,-1278,701,69.30,693,500,492,-145.800000,0.010800,-0.165001,-145.954201
480,215.55,0.0,3.3,01,-1279,710,70.20,702,500,492,-145.350000,0.010800,-0.151638,-145.490838
481,216.00,0.0,0.0,00,-1280,719,71.10,711,500,492,-144.900000,0.010800,-0.117557,-145.006757
482,216.45,3.3,0.0,10,-1281,728,72.00,720,500,492,-144.450000,0.010800,-0.083469,-144.522669
483,216.90,3.3,3.3,11,-1282,737,72.90,729,500,492,-144.000000,0.010800,-0.070084,-144.059284
484,217.35,0.0,3.3,01,-1283,746,73.80,738,500,492,-143.550000,0.010800,-0.085981,-143.625181
485,217.80,0.0,0.0,00,-1284,755,74.70,747,500,492,-143.100000,0.010800,-0.122581,-143.211781
486,218.25,3.3,0.0,10,-1285,764,75.60,756,500,492,-142.650000,0.010800,-0.159174,-142.798374
487,218.70,3.3,3.3,11,-1286,773,76.50,765,500,492,-142.200000,0.010800,-0.175049,-142.364249
488,219.15,0.0,3.3,01,-1287,782,77.40,774,500,492,-141.750000,0.010800,-0.161626,-141.900826
489,219.60,0.0,0.0,00,-1288,791,78.30,783,500,492,-141.300000,0.010800,-0.127485,-141.416685
490,220.05,3.3,0.0,10,-1289,800,79.20,792,500,492,-140.850000,0.010800,-0.093336,-140.932536
491,220.50,3.3,3.3,11,-1290,809,80.10,801,500,492,-140.400000,0.010800,-0.079890,-140.469090
492,220.95,0.0,3.3,01,-1291,818,81.00,810,500,492,-139.950000,0.010800,-0.095725,-140.034925
493,221.40,0.0,0.0,00,-1292,827,81.90,819,500,492,-139.500000,0.010800,-0.132262,-139.621462
494,221.85,3.3,0.0,10,-1293,836,82.80,828,500,492,-139.050000,0.010800,-0.168792,-139.207992
495,222.30,3.3,3.3,11,-1294,845,83.70,837,500,492,-138.600000,0.010800,-0.184603,-138.773803
496,222.75,0.0,3.3,01,-1295,854,84.60,846,500,492,-138.150000,0.010800,-0.171115,-138.310315
497,223.20,0.0,0.0,00,-1296,863,85.50,855,500,492,-137.700000,0.010800,-0.136909,-137.826109
498,223.65,3.3,0.0,10,-1297,872,86.40,864,500,492,-137.250000,0.010800,-0.102695,-137.341895
499,224.10,3.3,3.3,11,-1298,881,87.30,873,500,492,-136.800000,0.010800,-0.089183,-136.878383
500,224.55,0.0,3.3,01,-1299,890,88.20,882,500,492,-136.350000,0.010800,-0.104951,-136.444151
501,225.00,0.0,0.0,00,-1300,899,89.10,891,500,492,-135.900000,0.010800,-0.141421,-136.030621
502,225.45,3.3,0.0,10,-1301,908,90.00,900,500,492,-135.450000,0.010800,-0.177883,-135.617083
503,225.90,3.3,3.3,11,-1302,917,90.90,909,500,492,-135.000000,0.010800,-0.193625,-135.182825
504,226.35,0.0,3.3,01,-1303,926,91.80,918,500,492,-134.550000,0.010800,-0.180069,-134.719269
505,226.80,0.0,0.0,00,-1304,935,92.70,927,500,492,-134.100000,0.010800,-0.145794,-134.234994
506,227.25,3.3,0.0,10,-1305,944,93.60,936,500,492,-133.650000,0.010800,-0.111509,-133.750709
507,227.70,3.3,3.3,11,-1306,953,94.50,945,500,492,-133.200000,0.010800,-0.097926,-133.287126
508,228.15,0.0,3.3,01,-1307,962,95.40,954,500,492,-132.750000,0.010800,-0.113623,-132.852823
509,228.60,0.0,0.0,00,-1308,971,96.30,963,500,492,-132.300000,0.010800,-0.150022,-132.439222
510,229.05,3.3,0.0,10,-1309,980,97.20,972,500,492,-131.850000,0.010800,-0.186412,-132.025612
511,229.50,3.3,3.3,11,-1310,989,98.10,981,500,492,-131.400000,0.010800,-0.202081,-131.591281
512,229.95,0.0,3.3,01,-1311,998,99.00,990,500,492,-130.950000,0.010800,-0.188452,-131.127652
513,230.40,0.0,0.0,00,-1312,1007,99.90,999,500,492,-130.500000,0.010800,-0.154103,-130.643303
514,230.85,3.3,0.0,10,-1313,1016,100.80,1008,500,492,-130.050000,0.010800,-0.119744,-130.158944
515,231.30,3.3,3.3,11,-1314,1025,101.70,1017,500,492,-129.600000,0.010800,-0.106086,-129.695286
516,231.75,0.0,3.3,01,-1315,1034,102.60,1026,500,492,-129.150000,0.010800,-0.121708,-129.260908
517,232.20,0.0,0.0,00,-1316,1043,103.50,1035,500,492,-128.700000,0.010800,-0.158031,-128.847231
518,232.65,3.3,0.0,10,-1317,1052,104.40,1044,500,492,-128.250000,0.010800,-0.194344,-128.433544
519,233.10,3.3,3.3,11,-1318,1061,105.30,1053,500,492,-127.800000,0.010800,-0.209937,-127.999137
520,233.55,0.0,3.3,01,-1319,1070,106.20,1062,500,492,-127.350000,0.010800,-0.196230,-127.535430
521,234.00,0.0,0.0,00,-1320,1079,107.10,1071,500,492,-126.900000,0.010800,-0.161803,-127.051003
522,234.45,3.3,0.0,10,-1321,1088,108.00,1080,500,492,-126.450000,0.010800,-0.127366,-126.566566
523,234.90,3.3,3.3,11,-1322,1097,108.90,1089,500,492,-126.000000,0.010800,-0.113630,-126.102830
524,235.35,0.0,3.3,01,-1323,1106,109.80,1098,500,492,-125.550000,0.010800,-0.129173,-125.668373
525,235.80,0.0,0.0,00,-1324,1115,110.70,1107,500,492,-125.100000,0.010800,-0.165416,-125.254616
526,236.25,3.3,0.0,10,-1325,1124,111.60,1116,500,492,-124.650000,0.010800,-0.201649,-124.840849
527,236.70,3.3,3.3,11,-1326,1133,112.50,1125,500,492,-124.200000,0.010800,-0.217161,-124.406361
528,237.15,0.0,3.3,01,-1327,1142,113.40,1134,500,492,-123.750000,0.010800,-0.203374,-123.942574
529,237.60,0.0,0.0,00,-1328,1151,114.30,1143,500,492,-123.300000,0.010800,-0.168866,-123.458066
530,238.05,3.3,0.0,10,-1329,1160,115.20,1152,500,492,-122.850000,0.010800,-0.134347,-122.973547
531,238.50,3.3,3.3,11,-1330,1169,116.10,1161,500,492,-122.400000,0.010800,-0.120528,-122.509728
532,238.95,0.0,3.3,01,-1331,1178,117.00,1170,500,492,-121.950000,0.010800,-0.135988,-122.075188
533,239.40,0.0,0.0,00,-1332,1187,117.90,1179,500,492,-121.500000,0.010800,-0.172148,-121.661348
534,239.85,3.3,0.0,10,-1333,1196,118.80,1188,500,492,-121.050000,0.010800,-0.208298,-121.247498
535,240.30,3.3,3.3,11,-1334,1205,119.70,1197,500,492,-120.600000,0.010800,-0.223726,-120.812926
536,240.75,0.0,3.3,01,-1335,1214,120.60,1206,500,492,-120.150000,0.010800,-0.209855,-120.349055
537,241.20,0.0,0.0,00,-1336,1223,121.50,1215,500,492,-119.700000,0.010800,-0.175261,-119.864461
538,241.65,3.3,0.0,10,-1337,1232,122.40,1224,500,492,-119.250000,0.010800,-0.140657,-119.379857
539,242.10,3.3,3.3,11,-1338,1241,123.30,1233,500,492,-118.800000,0.010800,-0.126753,-118.915953
540,242.55,0.0,3.3,01,-1339,1250,124.20,1242,500,492,-118.350000,0.010800,-0.142127,-118.481327
541,243.00,0.0,0.0,00,-1340,1259,125.10,1251,500,492,-117.900000,0.010800,-0.178201,-118.067401
542,243.45,3.3,0.0,10,-1341,1268,126.00,1260,500,492,-117.450000,0.010800,-0.214264,-117.653464
543,243.90,3.3,3.3,11,-1342,1277,126.90,1269,500,492,-117.000000,0.010800,-0.229606,-117.218806
544,244.35,0.0,3.3,01,-1343,1286,127.80,1278,500,492,-116.550000,0.010800,-0.215646,-116.754846
545,244.80,0.0,0.0,00,-1344,1295,128.70,1287,500,492,-116.100000,0.010800,-0.180965,-116.270165
546,245.25,3.3,0.0,10,-1345,1304,129.60,1296,500,492,-115.650000,0.010800,-0.146273,-115.785473
547,245.70,3.3,3.3,11,-1346,1313,130.50,1305,500,492,-115.200000,0.010800,-0.132281,-115.321481
548,246.15,0.0,3.3,01,-1347,1322,131.40,1314,500,492,-114.750000,0.010800,-0.147566,-114.886766
549,246.60,0.0,0.0,00,-1348,1331,132.30,1323,500,492,-114.300000,0.010800,-0.183551,-114.472751
550,247.05,3.3,0.0,10,-1349,1340,133.20,1332,500,492,-113.850000,0.010800,-0.219524,-114.058724
551,247.50,3.3,3.3,11,-1350,1349,134.10,1341,500,492,-113.400000,0.010800,-0.234776,-113.623976
552,247.95,0.0,3.3,01,-1351,1358,135.00,1350,500,492,-112.950000,0.010800,-0.220727,-113.159927
553,248.40,0.0,0.0,00,-1352,1367,135.90,1359,500,492,-112.500000,0.010800,-0.185955,-112.675155
554,248.85,3.3,0.0,10,-1353,1376,136.80,1368,500,492,-112.050000,0.010800,-0.151172,-112.190372
555,249.30,3.3,3.3,11,-1354,1385,137.70,1377,500,492,-111.600000,0.010800,-0.137089,-111.726289
556,249.75,0.0,3.3,01,-1355,1394,138.60,1386,500,492,-111.150000,0.010800,-0.152283,-111.291483
557,250.20,0.0,0.0,00,-1356,1403,139.50,1395,500,492,-110.700000,0.010800,-0.188176,-110.877376
558,250.65,3.3,0.0,10,-1357,1412,140.40,1404,500,492,-110.250000,0.010800,-0.224058,-110.463258
559,251.10,3.3,3.3,11,-1358,1421,141.30,1413,500,492,-109.800000,0.010800,-0.239217,-110.028417
560,251.55,0.0,3.3,01,-1359,1430,142.20,1422,500,492,-109.350000,0.010800,-0.225075,-109.564275
561,252.00,0.0,0.0,00,-1360,1439,143.10,1431,500,492,-108.900000,0.010800,-0.190211,-109.079411
562,252.45,3.3,0.0,10,-1361,1448,144.00,1440,500,492,-108.450000,0.010800,-0.155335,-108.594535
563,252.90,3.3,3.3,11,-1362,1457,144.90,1449,500,492,-108.000000,0.010800,-0.141159,-108.130359
564,253.35,0.0,3.3,01,-1363,1466,145.80,1458,500,492,-107.550000,0.010800,-0.156259,-107.695459
565,253.80,0.0,0.0,00,-1364,1475,146.70,1467,500,492,-107.100000,0.010800,-0.192059,-107.281259
566,254.25,3.3,0.0,10,-1365,1484,147.60,1476,500,492,-106.650000,0.010800,-0.227846,-106.867046
567,254.70,3.3,3.3,11,-1366,1493,148.50,1485,500,492,-106.200000,0.010800,-0.242911,-106.432111
568,255.15,0.0,3.3,01,-1367,1502,149.40,1494,500,492,-105.750000,0.010800,-0.228675,-105.967875
569,255.60,0.0,0.0,00,-1368,1511,150.30,1503,500,492,-105.300000,0.010800,-0.193717,-105.482917
570,256.05,3.3,0.0,10,-1369,1520,151.20,1512,500,492,-104.850000,0.010800,-0.158746,-104.997946
571,256.50,3.3,3.3,11,-1370,1529,152.10,1521,500,492,-104.400000,0.010800,-0.144474,-104.533674
572,256.95,0.0,3.3,01,-1371,1538,153.00,1530,500,492,-103.950000,0.010800,-0.159479,-104.098679
573,257.40,0.0,0.0,00,-1372,1547,153.90,1539,500,492,-103.500000,0.010800,-0.195183,-103.684383
574,257.85,3.3,0.0,10,-1373,1556,154.80,1548,500,492,-103.050000,0.010800,-0.230875,-103.270075
575,258.30,3.3,3.3,11,-1374,1565,155.70,1557,500,492,-102.600000,0.010800,-0.245845,-102.835045
576,258.75,0.0,3.3,01,-1375,1574,156.60,1566,500,492,-102.150000,0.010800,-0.231512,-102.370712
577,259.20,0.0,0.0,00,-1376,1583,157.50,1575,500,492,-101.700000,0.010800,-0.196457,-101.885657
578,259.65,3.3,0.0,10,-1377,1592,158.40,1584,500,492,-101.250000,0.010800,-0.161390,-101.400590
579,260.10,3.3,3.3,11,-1378,1601,159.30,1593,500,492,-100.800000,0.010800,-0.147022,-100.936222
580,260.55,0.0,3.3,01,-1379,1610,160.20,1602,500,492,-100.350000,0.010800,-0.161931,-100.501131
581,261.00,0.0,0.0,00,-1380,1619,161.10,1611,500,492,-99.900000,0.010800,-0.197538,-100.086738
582,261.45,3.3,0.0,10,-1381,1628,162.00,1620,500,492,-99.450000,0.010800,-0.233133,-99.672333
583,261.90,3.3,3.3,11,-1382,1637,162.90,1629,500,492,-99.000000,0.010800,-0.248005,-99.237205
584,262.35,0.0,3.3,01,-1383,1646,163.80,1638,500,492,-98.550000,0.010800,-0.233575,-98.772775
585,262.80,0.0,0.0,00,-1384,1655,164.70,1647,500,492,-98.100000,0.010800,-0.198423,-98.287623
586,263.25,3.3,0.0,10,-1385,1664,165.60,1656,500,492,-97.650000,0.010800,-0.163258,-97.802458
587,263.70,3.3,3.3,11,-1386,1673,166.50,1665,500,492,-97.200000,0.010800,-0.148792,-97.337992
588,264.15,0.0,3.3,01,-1387,1682,167.40,1674,500,492,-96.750000,0.010800,-0.163603,-96.902803
589,264.60,0.0,0.0,00,-1388,1691,168.30,1683,500,492,-96.300000,0.010800,-0.199112,-96.488312
590,265.05,3.3,0.0,10,-1389,1700,169.20,1692,500,492,-95.850000,0.010800,-0.234609,-96.073809
591,265.50,3.3,3.3,11,-1390,1709,170.10,1701,500,492,-95.400000,0.010800,-0.249383,-95.638583
592,265.95,0.0,3.3,01,-1391,1718,171.00,1710,500,492,-94.950000,0.010800,-0.234856,-95.174056
593,266.40,0.0,0.0,00,-1392,1727,171.90,1719,500,492,-94.500000,0.010800,-0.199605,-94.688805
594,266.85,3.3,0.0,10,-1393,1736,172.80,1728,500,492,-94.050000,0.010800,-0.164342,-94.203542
595,267.30,3.3,3.3,11,-1394,1745,173.70,1737,500,492,-93.600000,0.010800,-0.149778,-93.738978
596,267.75,0.0,3.3,01,-1395,1754,174.60,1746,500,492,-93.150000,0.010800,-0.164490,-93.303690
597,268.20,0.0,0.0,00,-1396,1763,175.50,1755,500,492,-92.700000,0.010800,-0.199901,-92.889101
598,268.65,3.3,0.0,10,-1397,1772,176.40,1764,500,492,-92.250000,0.010800,-0.235300,-92.474500
599,269.10,3.3,3.3,11,-1398,1781,177.30,1773,500,492,-91.800000,0.010800,-0.249975,-92.039175
600,269.55,0.0,3.3,01,-1399,1790,178.20,1782,500,492,-91.350000,0.010800,-0.235349,-91.574549
601,270.00,0.0,0.0,00,-1400,1799,179.10,1791,500,492,-90.900000,0.010800,-0.200000,-91.089200
602,270.45,3.3,0.0,10,-1401,1808,180.00,1800,500,492,-90.450000,0.010800,-0.164638,-90.603838
603,270.90,3.3,3.3,11,-1402,1817,180.90,1809,500,492,-90.000000,0.010800,-0.149975,-90.139175
604,271.35,0.0,3.3,01,-1403,1826,181.80,1818,500,492,-89.550000,0.010800,-0.164589,-89.703789
605,271.80,0.0,0.0,00,-1404,1835,182.70,1827,500,492,-89.100000,0.010800,-0.199901,-89.289101
606,272.25,3.3,0.0,10,-1405,1844,183.60,1836,500,492,-88.650000,0.010800,-0.235201,-88.874401
607,272.70,3.3,3.3,11,-1406,1853,184.50,1845,500,492,-88.200000,0.010800,-0.249778,-88.438978
608,273.15,0.0,3.3,01,-1407,1862,185.40,1854,500,492,-87.750000,0.010800,-0.235053,-87.974253
609,273.60,0.0,0.0,00,-1408,1871,186.30,1863,500,492,-87.300000,0.010800,-0.199605,-87.488805
610,274.05,3.3,0.0,10,-1409,1880,187.20,1872,500,492,-86.850000,0.010800,-0.164145,-87.003345
611,274.50,3.3,3.3,11,-1410,1889,188.10,1881,500,492,-86.400000,0.010800,-0.149383,-86.538583
612,274.95,0.0,3.3,01,-1411,1898,189.00,1890,500,492,-85.950000,0.010800,-0.163899,-86.103099
613,275.40,0.0,0.0,00,-1412,1907,189.90,1899,500,492,-85.500000,0.010800,-0.199112,-85.688312
614,275.85,3.3,0.0,10,-1413,1916,190.80,1908,500,492,-85.050000,0.010800,-0.234314,-85.273514
615,276.30,3.3,3.3,11,-1414,1925,191.70,1917,500,492,-84.600000,0.010800,-0.248792,-84.837992
616,276.75,0.0,3.3,01,-1415,1934,192.60,1926,500,492,-84.150000,0.010800,-0.233969,-84.373169
617,277.20,0.0,0.0,00,-1416,1943,193.50,1935,500,492,-83.700000,0.010800,-0.198423,-83.887623
618,277.65,3.3,0.0,10,-1417,1952,194.40,1944,500,492,-83.250000,0.010800,-0.162865,-83.402065
619,278.10,3.3,3.3,11,-1418,1961,195.30,1953,500,492,-82.800000,0.010800,-0.148005,-82.937205
620,278.55,0.0,3.3,01,-1419,1970,196.20,1962,500,492,-82.350000,0.010800,-0.162422,-82.501622
621,279.00,0.0,0.0,00,-1420,1979,197.10,1971,500,492,-81.900000,0.010800,-0.197538,-82.086738
622,279.45,3.3,0.0,10,-1421,1988,198.00,1980,500,492,-81.450000,0.010800,-0.232641,-81.671841
623,279.90,3.3,3.3,11,-1422,1997,198.90,1989,500,492,-81.000000,0.010800,-0.247022,-81.236222
624,280.35,0.0,3.3,01,-1423,2006,199.80,1998,500,492,-80.550000,0.010800,-0.232101,-80.771301
625,280.80,0.0,0.0,00,-1424,2015,200.70,2007,500,492,-80.100000,0.010800,-0.196457,-80.285657
626,281.25,3.3,0.0,10,-1425,2024,201.60,2016,500,492,-79.650000,0.010800,-0.160802,-79.800002
627,281.70,3.3,3.3,11,-1426,2033,202.50,2025,500,492,-79.200000,0.010800,-0.145845,-79.335045
628,282.15,0.0,3.3,01,-1427,2042,203.40,2034,500,492,-78.750000,0.010800,-0.160165,-78.899365
629,282.60,0.0,0.0,00,-1428,2051,204.30,2043,500,492,-78.300000,0.010800,-0.195183,-78.484383
630,283.05,3.3,0.0,10,-1429,2060,205.20,2052,500,492,-77.850000,0.010800,-0.230190,-78.069390
631,283.50,3.3,3.3,11,-1430,2069,206.10,2061,500,492,-77.400000,0.010800,-0.244474,-77.633674
632,283.95,0.0,3.3,01,-1431,2078,207.00,2070,500,492,-76.950000,0.010800,-0.229457,-77.168657
633,284.40,0.0,0.0,00,-1432,2087,207.90,2079,500,492,-76.500000,0.010800,-0.193717,-76.682917
634,284.85,3.3,0.0,10,-1433,2096,208.80,2088,500,492,-76.050000,0.010800,-0.157965,-76.197165
635,285.30,3.3,3.3,11,-1434,2105,209.70,2097,500,492,-75.600000,0.010800,-0.142911,-75.732111
636,285.75,0.0,3.3,01,-1435,2114,210.60,2106,500,492,-75.150000,0.010800,-0.157136,-75.296336
637,286.20,0.0,0.0,00,-1436,2123,211.50,2115,500,492,-74.700000,0.010800,-0.192059,-74.881259
638,286.65,3.3,0.0,10,-1437,2132,212.40,2124,500,492,-74.250000,0.010800,-0.226970,-74.466170
639,287.10,3.3,3.3,11,-1438,2141,213.30,2133,500,492,-73.800000,0.010800,-0.241159,-74.030359
640,287.55,0.0,3.3,01,-1439,2150,214.20,2142,500,492,-73.350000,0.010800,-0.226046,-73.565246
641,288.00,0.0,0.0,00,-1440,2159,215.10,2151,500,492,-72.900000,0.010800,-0.190211,-73.079411
642,288.45,3.3,0.0,10,-1441,2168,216.00,2160,500,492,-72.450000,0.010800,-0.154365,-72.593565
643,288.90,3.3,3.3,11,-1442,2177,216.90,2169,500,492,-72.000000,0.010800,-0.139217,-72.128417
644,289.35,0.0,3.3,01,-1443,2186,217.80,2178,500,492,-71.550000,0.010800,-0.153347,-71.692547
645,289.80,0.0,0.0,00,-1444,2195,218.70,2187,500,492,-71.100000,0.010800,-0.188176,-71.277376
646,290.25,3.3,0.0,10,-1445,2204,219.60,2196,500,492,-70.650000,0.010800,-0.222994,-70.862194
647,290.70,3.3,3.3,11,-1446,2213,220.50,2205,500,492,-70.200000,0.010800,-0.237089,-70.426289
648,291.15,0.0,3.3,01,-1447,2222,221.40,2214,500,492,-69.750000,0.010800,-0.221883,-69.961083
649,291.60,0.0,0.0,00,-1448,2231,222.30,2223,500,492,-69.300000,0.010800,-0.185955,-69.475155
650,292.05,3.3,0.0,10,-1449,2240,223.20,2232,500,492,-68.850000,0.010800,-0.150016,-68.989216
651,292.50,3.3,3.3,11,-1450,2249,224.10,2241,500,492,-68.400000,0.010800,-0.134776,-68.523976
652,292.95,0.0,3.3,01,-1451,2258,225.00,2250,500,492,-67.950000,0.010800,-0.148814,-68.088014
653,293.40,0.0,0.0,00,-1452,2267,225.90,2259,500,492,-67.500000,0.010800,-0.183551,-67.672751
654,293.85,3.3,0.0,10,-1453,2276,226.80,2268,500,492,-67.050000,0.010800,-0.218277,-67.257477
655,294.30,3.3,3.3,11,-1454,2285,227.70,2277,500,492,-66.600000,0.010800,-0.232281,-66.821481
656,294.75,0.0,3.3,01,-1455,2294,228.60,2286,500,492,-66.150000,0.010800,-0.216984,-66.356184
657,295.20,0.0,0.0,00,-1456,2303,229.50,2295,500,492,-65.700000,0.010800,-0.180965,-65.870165
658,295.65,3.3,0.0,10,-1457,2312,230.40,2304,500,492,-65.250000,0.010800,-0.144936,-65.384136
659,296.10,3.3,3.3,11,-1458,2321,231.30,2313,500,492,-64.800000,0.010800,-0.129606,-64.918806
660,296.55,0.0,3.3,01,-1459,2330,232.20,2322,500,492,-64.350000,0.010800,-0.143554,-64.482754
661,297.00,0.0,0.0,00,-1460,2339,233.10,2331,500,492,-63.900000,0.010800,-0.178201,-64.067401
662,297.45,3.3,0.0,10,-1461,2348,234.00,2340,500,492,-63.450000,0.010800,-0.212838,-63.652038
663,297.90,3.3,3.3,11,-1462,2357,234.90,2349,500,492,-63.000000,0.010800,-0.226753,-63.215953
664,298.35,0.0,3.3,01,-1463,2366,235.80,2358,500,492,-62.550000,0.010800,-0.211368,-62.750568
665,298.80,0.0,0.0,00,-1464,2375,236.70,2367,500,492,-62.100000,0.010800,-0.175261,-62.264461
666,299.25,3.3,0.0,10,-1465,2384,237.60,2376,500,492,-61.650000,0.010800,-0.139144,-61.778344
667,299.70,3.3,3.3,11,-1466,2393,238.50,2385,500,492,-61.200000,0.010800,-0.123726,-61.312926
668,300.15,0.0,3.3,01,-1467,2402,239.40,2394,500,492,-60.750000,0.010800,-0.137587,-60.876787
669,300.60,0.0,0.0,00,-1468,2411,240.30,2403,500,492,-60.300000,0.010800,-0.172148,-60.461348
670,301.05,3.3,0.0,10,-1469,2420,241.20,2412,500,492,-59.850000,0.010800,-0.206699,-60.045899
671,301.50,3.3,3.3,11,-1470,2429,242.10,2421,500,492,-59.400000,0.010800,-0.220528,-59.609728
672,301.95,0.0,3.3,01,-1471,2438,243.00,2430,500,492,-58.950000,0.010800,-0.205057,-59.144257
673,302.40,0.0,0.0,00,-1472,2447,243.90,2439,500,492,-58.500000,0.010800,-0.168866,-58.658066
674,302.85,3.3,0.0,10,-1473,2456,244.80,2448,500,492,-58.050000,0.010800,-0.132663,-58.171863
675,303.30,3.3,3.3,11,-1474,2465,245.70,2457,500,492,-57.600000,0.010800,-0.117161,-57.706361
676,303.75,0.0,3.3,01,-1475,2474,246.60,2466,500,492,-57.150000,0.010800,-0.130939,-57.270139
677,304.20,0.0,0.0,00,-1476,2483,247.50,2475,500,492,-56.700000,0.010800,-0.165416,-56.854616
678,304.65,3.3,0.0,10,-1477,2492,248.40,2484,500,492,-56.250000,0.010800,-0.199883,-56.439083
679,305.10,3.3,3.3,11,-1478,2501,249.30,2493,500,492,-55.800000,0.010800,-0.213630,-56.002830
680,305.55,0.0,3.3,01,-1479,2510,250.20,2502,500,492,-55.350000,0.010800,-0.198077,-55.537277
681,306.00,0.0,0.0,00,-1480,2519,251.10,2511,500,492,-54.900000,0.010800,-0.161803,-55.051003
682,306.45,3.3,0.0,10,-1481,2528,252.00,2520,500,492,-54.450000,0.010800,-0.125520,-54.564720
683,306.90,3.3,3.3,11,-1482,2537,252.90,2529,500,492,-54.000000,0.010800,-0.109937,-54.099137
684,307.35,0.0,3.3,01,-1483,2546,253.80,2538,500,492,-53.550000,0.010800,-0.123634,-53.662834
685,307.80,0.0,0.0,00,-1484,2555,254.70,2547,500,492,-53.100000,0.010800,-0.158031,-53.247231
686,308.25,3.3,0.0,10,-1485,2564,255.60,2556,500,492,-52.650000,0.010800,-0.192419,-52.831619
687,308.70,3.3,3.3,11,-1486,2573,256.50,2565,500,492,-52.200000,0.010800,-0.206086,-52.395286
688,309.15,0.0,3.3,01,-1487,2582,257.40,2574,500,492,-51.750000,0.010800,-0.190454,-51.929654
689,309.60,0.0,0.0,00,-1488,2591,258.30,2583,500,492,-51.300000,0.010800,-0.154103,-51.443303
690,310.05,3.3,0.0,10,-1489,2600,259.20,2592,500,492,-50.850000,0.010800,-0.117741,-50.956941
691,310.50,3.3,3.3,11,-1490,2609,260.10,2601,500,492,-50.400000,0.010800,-0.102081,-50.491281
692,310.95,0.0,3.3,01,-1491,2618,261.00,2610,500,492,-49.950000,0.010800,-0.115701,-50.054901
693,311.40,0.0,0.0,00,-1492,2627,261.90,2619,500,492,-49.500000,0.010800,-0.150022,-49.639222
694,311.85,3.3,0.0,10,-1493,2636,262.80,2628,500,492,-49.050000,0.010800,-0.184334,-49.223534
695,312.30,3.3,3.3,11,-1494,2645,263.70,2637,500,492,-48.600000,0.010800,-0.197926,-48.787126
696,312.75,0.0,3.3,01,-1495,2654,264.60,2646,500,492,-48.150000,0.010800,-0.182220,-48.321420
697,313.20,0.0,0.0,00,-1496,2663,265.50,2655,500,492,-47.700000,0.010800,-0.145794,-47.834994
698,313.65,3.3,0.0,10,-1497,2672,266.40,2664,500,492,-47.250000,0.010800,-0.109359,-47.348559
699,314.10,3.3,3.3,11,-1498,2681,267.30,2673,500,492,-46.800000,0.010800,-0.093625,-46.882825
700,314.55,0.0,3.3,01,-1499,2690,268.20,2682,500,492,-46.350000,0.010800,-0.107172,-46.446372
701,315.00,0.0,0.0,00,-1500,2699,269.10,2691,500,492,-45.900000,0.010800,-0.141421,-46.030621
702,315.45,3.3,0.0,10,-1501,2708,270.00,2700,500,492,-45.450000,0.010800,-0.175662,-45.614862
703,315.90,3.3,3.3,11,-1502,2717,270.90,2709,500,492,-45.000000,0.010800,-0.189183,-45.178383
704,316.35,0.0,3.3,01,-1503,2726,271.80,2718,500,492,-44.550000,0.010800,-0.173406,-44.712606
705,316.80,0.0,0.0,00,-1504,2735,272.70,2727,500,492,-44.100000,0.010800,-0.136909,-44.226109
706,317.25,3.3,0.0,10,-1505,2744,273.60,2736,500,492,-43.650000,0.010800,-0.100405,-43.739605
707,317.70,3.3,3.3,11,-1506,2753,274.50,2745,500,492,-43.200000,0.010800,-0.084603,-43.273803
708,318.15,0.0,3.3,01,-1507,2762,275.40,2754,500,492,-42.750000,0.010800,-0.098081,-42.837281
709,318.60,0.0,0.0,00,-1508,2771,276.30,2763,500,492,-42.300000,0.010800,-0.132262,-42.421462
710,319.05,3.3,0.0,10,-1509,2780,277.20,2772,500,492,-41.850000,0.010800,-0.166435,-42.005635
711,319.50,3.3,3.3,11,-1510,2789,278.10,2781,500,492,-41.400000,0.010800,-0.179890,-41.569090
712,319.95,0.0,3.3,01,-1511,2798,279.00,2790,500,492,-40.950000,0.010800,-0.164047,-41.103247
713,320.40,0.0,0.0,00,-1512,2807,279.90,2799,500,492,-40.500000,0.010800,-0.127485,-40.616685
714,320.85,3.3,0.0,10,-1513,2816,280.80,2808,500,492,-40.050000,0.010800,-0.090915,-40.130115
715,321.30,3.3,3.3,11,-1514,2825,281.70,2817,500,492,-39.600000,0.010800,-0.075049,-39.664249
716,321.75,0.0,3.3,01,-1515,2834,282.60,2826,500,492,-39.150000,0.010800,-0.088463,-39.227663
717,322.20,0.0,0.0,00,-1516,2843,283.50,2835,500,492,-38.700000,0.010800,-0.122581,-38.811781
718,322.65,3.3,0.0,10,-1517,2852,284.40,2844,500,492,-38.250000,0.010800,-0.156692,-38.395892
719,323.10,3.3,3.3,11,-1518,2861,285.30,2853,500,492,-37.800000,0.010800,-0.170084,-37.959284
720,323.55,0.0,3.3,01,-1519,2870,286.20,2862,500,492,-37.350000,0.010800,-0.154180,-37.493380
721,324.00,0.0,0.0,00,-1520,2879,287.10,2871,500,492,-36.900000,0.010800,-0.117557,-37.006757
722,324.45,3.3,0.0,10,-1521,2888,288.00,2880,500,492,-36.450000,0.010800,-0.080927,-36.520127
723,324.90,3.3,3.3,11,-1522,2897,288.90,2889,500,492,-36.000000,0.010800,-0.065001,-36.054201
724,325.35,0.0,3.3,01,-1523,2906,289.80,2898,500,492,-35.550000,0.010800,-0.078357,-35.617557
725,325.80,0.0,0.0,00,-1524,2915,290.70,2907,500,492,-35.100000,0.010800,-0.112417,-35.201617
726,326.25,3.3,0.0,10,-1525,2924,291.60,2916,500,492,-34.650000,0.010800,-0.146469,-34.785669
727,326.70,3.3,3.3,11,-1526,2933,292.50,2925,500,492,-34.200000,0.010800,-0.159805,-34.349005
728,327.15,0.0,3.3,01,-1527,2942,293.40,2934,500,492,-33.750000,0.010800,-0.143844,-33.883044
729,327.60,0.0,0.0,00,-1528,2951,294.30,2943,500,492,-33.300000,0.010800,-0.107165,-33.396365
730,328.05,3.3,0.0,10,-1529,2960,295.20,2952,500,492,-32.850000,0.010800,-0.070480,-32.909680
731,328.50,3.3,3.3,11,-1530,2969,296.10,2961,500,492,-32.400000,0.010800,-0.054500,-32.443700
732,328.95,0.0,3.3,01,-1531,2978,297.00,2970,500,492,-31.950000,0.010800,-0.067802,-32.007002
733,329.40,0.0,0.0,00,-1532,2987,297.90,2979,500,492,-31.500000,0.010800,-0.101808,-31.591008
734,329.85,3.3,0.0,10,-1533,2996,298.80,2988,500,492,-31.050000,0.010800,-0.135808,-31.175008
735,330.30,3.3,3.3,11,-1534,3005,299.70,2997,500,492,-30.600000,0.010800,-0.149092,-30.738292
736,330.75,0.0,3.3,01,-1535,3014,300.60,3006,500,492,-30.150000,0.010800,-0.133080,-30.272280
737,331.20,0.0,0.0,00,-1536,3023,301.50,3015,500,492,-29.700000,0.010800,-0.096351,-29.785551
738,331.65,3.3,0.0,10,-1537,3032,302.40,3024,500,492,-29.250000,0.010800,-0.059616,-29.298816
739,332.10,3.3,3.3,11,-1538,3041,303.30,3033,500,492,-28.800000,0.010800,-0.043586,-28.832786
740,332.55,0.0,3.3,01,-1539,3050,304.20,3042,500,492,-28.350000,0.010800,-0.056840,-28.396040
741,333.00,0.0,0.0,00,-1540,3059,305.10,3051,500,492,-27.900000,0.010800,-0.090798,-27.979998
742,333.45,3.3,0.0,10,-1541,3068,306.00,3060,500,492,-27.450000,0.010800,-0.124751,-27.563951
743,333.90,3.3,3.3,11,-1542,3077,306.90,3069,500,492,-27.000000,0.010800,-0.137988,-27.127188
744,334.35,0.0,3.3,01,-1543,3086,307.80,3078,500,492,-26.550000,0.010800,-0.121930,-26.661130
745,334.80,0.0,0.0,00,-1544,3095,308.70,3087,500,492,-26.100000,0.010800,-0.085156,-26.174356
746,335.25,3.3,0.0,10,-1545,3104,309.60,3096,500,492,-25.650000,0.010800,-0.048377,-25.687577
747,335.70,3.3,3.3,11,-1546,3113,310.50,3105,500,492,-25.200000,0.010800,-0.032303,-25.221503
748,336.15,0.0,3.3,01,-1547,3122,311.40,3114,500,492,-24.750000,0.010800,-0.045513,-24.784713
749,336.60,0.0,0.0,00,-1548,3131,312.30,3123,500,492,-24.300000,0.010800,-0.079430,-24.368630
750,337.05,3.3,0.0,10,-1549,3140,313.20,3132,500,492,-23.850000,0.010800,-0.113341,-23.952541
751,337.50,3.3,3.3,11,-1550,3149,314.10,3141,500,492,-23.400000,0.010800,-0.126537,-23.515737
752,337.95,0.0,3.3,01,-1551,3158,315.00,3150,500,492,-22.950000,0.010800,-0.110438,-23.049638
753,338.40,0.0,0.0,00,-1552,3167,315.90,3159,500,492,-22.500000,0.010800,-0.073625,-22.562825
754,338.85,3.3,0.0,10,-1553,3176,316.80,3168,500,492,-22.050000,0.010800,-0.036807,-22.076007
755,339.30,3.3,3.3,11,-1554,3185,317.70,3177,500,492,-21.600000,0.010800,-0.020695,-21.609895
756,339.75,0.0,3.3,01,-1555,3194,318.60,3186,500,492,-21.150000,0.010800,-0.033868,-21.173068
757,340.20,0.0,0.0,00,-1556,3203,319.50,3195,500,492,-20.700000,0.010800,-0.067748,-20.756948
758,340.65,3.3,0.0,10,-1557,3212,320.40,3204,500,492,-20.250000,0.010800,-0.101623,-20.340823
759,341.10,3.3,3.3,11,-1558,3221,321.30,3213,500,492,-19.800000,0.010800,-0.114783,-19.903983
760,341.55,0.0,3.3,01,-1559,3230,322.20,3222,500,492,-19.350000,0.010800,-0.098651,-19.437851
761,342.00,0.0,0.0,00,-1560,3239,323.10,3231,500,492,-18.900000,0.010800,-0.061803,-18.951003
762,342.45,3.3,0.0,10,-1561,3248,324.00,3240,500,492,-18.450000,0.010800,-0.024952,-18.464152
763,342.90,3.3,3.3,11,-1562,3257,324.90,3249,500,492,-18.000000,0.010800,-0.008808,-17.998008
764,343.35,0.0,3.3,01,-1563,3266,325.80,3258,500,492,-17.550000,0.010800,-0.021950,-17.561150
765,343.80,0.0,0.0,00,-1564,3275,326.70,3267,500,492,-17.100000,0.010800,-0.055798,-17.144998
766,344.25,3.3,0.0,10,-1565,3284,327.60,3276,500,492,-16.650000,0.010800,-0.089643,-16.728843
767,344.70,3.3,3.3,11,-1566,3293,328.50,3285,500,492,-16.200000,0.010800,-0.102775,-16.291975
768,345.15,0.0,3.3,01,-1567,3302,329.40,3294,500,492,-15.750000,0.010800,-0.086613,-15.825813
769,345.60,0.0,0.0,00,-1568,3311,330.30,3303,500,492,-15.300000,0.010800,-0.049738,-15.338938
770,346.05,3.3,0.0,10,-1569,3320,331.20,3312,500,492,-14.850000,0.010800,-0.012860,-14.852060
771,346.50,3.3,3.3,11,-1570,3329,332.10,3321,500,492,-14.400000,0.010800,0.003311,-14.385889
772,346.95,0.0,3.3,01,-1571,3338,333.00,3330,500,492,-13.950000,0.010800,-0.009805,-13.949005
773,347.40,0.0,0.0,00,-1572,3347,333.90,3339,500,492,-13.500000,0.010800,-0.043629,-13.532829
774,347.85,3.3,0.0,10,-1573,3356,334.80,3348,500,492,-13.050000,0.010800,-0.077450,-13.116650
775,348.30,3.3,3.3,11,-1574,3365,335.70,3357,500,492,-12.600000,0.010800,-0.090557,-12.679757
776,348.75,0.0,3.3,01,-1575,3374,336.60,3366,500,492,-12.150000,0.010800,-0.074373,-12.213573
777,349.20,0.0,0.0,00,-1576,3383,337.50,3375,500,492,-11.700000,0.010800,-0.037476,-11.726676
778,349.65,3.3,0.0,10,-1577,3392,338.40,3384,500,492,-11.250000,0.010800,-0.000577,-11.239777
779,350.10,3.3,3.3,11,-1578,3401,339.30,3393,500,492,-10.800000,0.010800,0.015614,-10.773586
780,350.55,0.0,3.3,01,-1579,3410,340.20,3402,500,492,-10.350000,0.010800,0.002518,-10.336682
781,351.00,0.0,0.0,00,-1580,3419,341.10,3411,500,492,-9.900000,0.010800,-0.031287,-9.920487
782,351.45,3.3,0.0,10,-1581,3428,342.00,3420,500,492,-9.450000,0.010800,-0.065090,-9.504290
783,351.90,3.3,3.3,11,-1582,3437,342.90,3429,500,492,-9.000000,0.010800,-0.078180,-9.067380
784,352.35,0.0,3.3,01,-1583,3446,343.80,3438,500,492,-8.550000,0.010800,-0.061980,-8.601180
785,352.80,0.0,0.0,00,-1584,3455,344.70,3447,500,492,-8.100000,0.010800,-0.025067,-8.114267
786,353.25,3.3,0.0,10,-1585,3464,345.60,3456,500,492,-7.650000,0.010800,0.011848,-7.627352
787,353.70,3.3,3.3,11,-1586,3473,346.50,3465,500,492,-7.200000,0.010800,0.028053,-7.161147
788,354.15,0.0,3.3,01,-1587,3482,347.40,3474,500,492,-6.750000,0.010800,0.014970,-6.724230
789,354.60,0.0,0.0,00,-1588,3491,348.30,3483,500,492,-6.300000,0.010800,-0.018822,-6.308022
790,355.05,3.3,0.0,10,-1589,3500,349.20,3492,500,492,-5.850000,0.010800,-0.052613,-5.891813
791,355.50,3.3,3.3,11,-1590,3509,350.10,3501,500,492,-5.400000,0.010800,-0.065692,-5.454892
792,355.95,0.0,3.3,01,-1591,3518,351.00,3510,500,492,-4.950000,0.010800,-0.049481,-4.988681
793,356.40,0.0,0.0,00,-1592,3527,351.90,3519,500,492,-4.500000,0.010800,-0.012558,-4.501758
794,356.85,3.3,0.0,10,-1593,3536,352.80,3528,500,492,-4.050000,0.010800,0.024365,-4.014835
795,357.30,3.3,3.3,11,-1594,3545,353.70,3537,500,492,-3.600000,0.010800,0.040579,-3.548621
796,357.75,0.0,3.3,01,-1595,3554,354.60,3546,500,492,-3.150000,0.010800,0.027503,-3.111697
797,358.20,0.0,0.0,00,-1596,3563,355.50,3555,500,492,-2.700000,0.010800,-0.006282,-2.695482
798,358.65,3.3,0.0,10,-1597,3572,356.40,3564,500,492,-2.250000,0.010800,-0.040067,-2.279267
799,359.10,3.3,3.3,11,-1598,3581,357.30,3573,500,492,-1.800000,0.010800,-0.053141,-1.842341
800,359.55,0.0,3.3,01,-1599,3590,358.20,3582,500,492,-1.350000,0.010800,-0.036926,-1.376126
